PNword	review
최고	밧데리 포함 하 아서 ᆫ ( 그램 에 비하 아 선 ) 무겁지 만 가성비 최고 인 듯
최고	배송 만 빼 고 는 가성비 최고 에 요
최고	다만 가성비 최고 상품 이 라는 것 에 만족 하 ㅂ니다 
만족	다만 가성비 최고 상품 이 라는 것 에 만족 하 ㅂ니다
좋	1 일 주문 하 고 25 일 받 았 으니 오래 걸리 었 네요 가성비 는 좋 아서 윈도우 설치 하 고 잘 사용 중 이 ㅂ니다
좋	싸 고 좋 네요 가성비 제품 이 이 ㅂ니다 알반 적 인 용도 로 사용 하 기 에 부족 하 ᄆ 없 습니다
좋	가성비 좋 네요
최고	가성비 최고 이 ㅂ니다
좋	디렘 이 없 는게 아쉽 지만 그래도 기존 중국산 SSD 보다 는 신뢰성 있 는 제품 이 들어가 ᆫ 것 같 아서 좋 네요 프 ᆯ 루이 드 모션 도 적용 잘 되 고 , 영상 볼 때 나 웹서핑 시 소음 없이 매우 조용 하 ㅂ니다 이만 하 면 가성비 는 정말 좋 은 것 같 습니다 
좋	디렘 이 없 는게 아쉽 지만 그래도 기존 중국산 SSD 보다 는 신뢰성 있 는 제품 이 들어가 ᆫ 것 같 아서 좋 네요 프 ᆯ 루이 드 모션 도 적용 잘 되 고 , 영상 볼 때 나 웹서핑 시 소음 없이 매우 조용 하 ㅂ니다 이만 하 면 가성비 는 정말 좋 은 것 같 습니다
좋	오래 가 아 다리 었 지만 세팅 하 고 나 니 가성비 로 생각 하 ᆯ 때 좋 습니다
좋	레노버 가 가성비 좋 았 습니다
만족	정말 만족 하 ㅂ니다 가볍고 가성비 짱 좋 아요 11 월 행사 기간 에 구입 하 아서 좀 더 저렴 하 게 사 았 어요 강추 하 ㅂ니다 
좋	정말 만족 하 ㅂ니다 가볍고 가성비 짱 좋 아요 11 월 행사 기간 에 구입 하 아서 좀 더 저렴 하 게 사 았 어요 강추 하 ㅂ니다
좋	가성비 좋 아요
좋	가성비 는 좋 습니다 ram 을 내장 에서 잡아먹 는게 좀 아쉽 네요 cpu - z 에서 제조사 상세 정보 가 안 나오 는데 어디 제품 이 ᆫ지 궁금 하 ㅂ니다
좋	가성비 아주 높 고 좋 습니다
좋	가성비 가 좋 은 노트북 이 네요
좋	스마일데이 때 나오 ᆫ 모델 좀 가성비 제일 좋 아서 구매 하 았 네요
좋	가성비 아주 좋 은 듯 하 ㅂ니다
괜찮	가성비 정말 괜찮 은 상품 이 네요
최고	가성비 최고 이 ㅂ니다
좋	전체 적 으로 가성비 좋 다고 보 ㅂ니다
좋	가성비 좋 습니다
괜찮	많 은 분 들 이 가성비 도 핵 성비 로 생각 바꾸 시 고 구매 하 시 어도 괜찮 을 정도 로 추천 드리 ㅂ니다 
추천	많 은 분 들 이 가성비 도 핵 성비 로 생각 바꾸 시 고 구매 하 시 어도 괜찮 을 정도 로 추천 드리 ㅂ니다
좋	가성비 좋 은 노트북 이 라고 추천 을 많이 들 하 시 길래 구입 하 았 습니다 
추천	가성비 좋 은 노트북 이 라고 추천 을 많이 들 하 시 길래 구입 하 았 습니다
좋	가성비 좋 은 노트북 베스트 라고 하 아서 주문 하 아 보 았 는데 주문 ㅎ ㅜ 다음날 바로 받 을 수 있 어서 아주 좋 았 습니다 
좋	가성비 좋 은 노트북 베스트 라고 하 아서 주문 하 아 보 았 는데 주문 ㅎ ㅜ 다음날 바로 받 을 수 있 어서 아주 좋 았 습니다
좋	오늘 받 아서 사용 중 이 ᆫ데 가성비 가 너무 좋 은 것 같 네요
좋	40 만 원 대 가성비 좋 은 레노버 좋 아요 
좋	40 만 원 대 가성비 좋 은 레노버 좋 아요
좋	가성비 정말 좋 네요 사무용 으로 끝판 왕 이 에요 추천 
추천	가성비 정말 좋 네요 사무용 으로 끝판 왕 이 에요 추천
좋	가성비 정말 좋 은 노트북 이 에요 정말 초고 이 ㅂ니다
최고	레 ㅁ , SSD 용량 업그레이드 이벤트 까지 하 아서 가성비 는 최고 인 것 같 습니다
최고	가성비 정말 최고 의 노트북 이 ㅂ니다
좋	저렴 하 면서 가성비 도 좋 네요 적극 추천 하 ㅂ니다 
추천	저렴 하 면서 가성비 도 좋 네요 적극 추천 하 ㅂ니다
좋	가볍고 빠르 아서 가성비 좋 네요
좋	저렴 하 고 가볍고 가성비 좋 고 사무용 으로 적당 하 ㅂ니다
좋	가성비 가 좋 다고 하 아서 사 았 어요
최고	가격 보다 넘쳐나 는 제품 사양 과 이벤트 가 가성비 를 최고 로 높이 네요
고려	최대 밝 기가 고가 제품 에 비하 아 약간 어둡 ᆫ 편 이 기 ᆫ 하지만 , 오히려 가성비 를 고려 하 면 문제 가 되 지 않 습니다
최고	가격 에 비하 아 제품 사양 과 이벤트 추가 시 가성비 가 최고 이 ㅂ니다
만족	최대 밝 기가 고가 제품 에 비하 아 약간 어둡 ᆫ 편 이 기 ᆫ 하지만 , 가성비 노트북 이 ㅁ 을 감안 하 면 만족 하 ㅂ니다
최고	현존 하 는 가성비 최고 의 노트북
추천	인터넷 에서 우연히 기사 를 접하 고서 가성비 에 끌리 어서 갈등 하 고 있 는데 옆 자리 의 동료 가 자기 도 이 제품 을 살펴보 고 있 었 다고 하 면서 여러 모델 중 에서 가장 좋은 것 을 추천 하 아 주 네요
괜찮	가성비 노트북 찾 다가 스펙 괜찮 아서 사 았 는데 생각 보다 디자인 너무 예쁘 어서 놀라 았 어요
좋	레노버 제품 이 가성비 가 좋 다고 하 아서 계속 살펴보 다가 구매 하 았 습니다
좋	배송 빠르 게 받 아 보 았 어요 가성비 노트북 으로 알 고 있 었 는데 정말 좋 습니다 윈도우 설치 하 고 실행 하 아 보 는데 굉장히 빠르 네요
좋	사용 중 인 노트북 넘 오래되 어 바꾸 ᆫ 레노버 s 340 가성비 좋 은 노트북 입 니다 업그레이 드 행사 로 정말 잘살 ㄴ 듯 잘 사용 하 ᆯ께요
최고	가성비 최고 의 노트북 인 것 같 네요 배송 도 빠르 고 , HDD 추가 구매 하 았 는데 , 장착 까지 하 아 주 시 어서 편하 게 사용 하 ᆯ 수 있 을 것 같 습니다
최고	가성비 최고
좋	처음 레노버 제품 을 사용 하 는데 가성비 는 좋 은 것 같 습니다 다만 팬 소음 이 심하 네요
최고	가성비 최고 이 ㅂ니다
최고	가성비 최고 에 성능도 빠리 ㅅ 하 이 고 좋 네요 
좋	가성비 최고 에 성능도 빠리 ㅅ 하 이 고 좋 네요
좋	10 년 넘 은 노트북 을 사용 하 다가 너무 느리 ᆫ 것 같 아 ssd 로 바꾸 고 빠리 ㅅ 해 지 어서 더 사용 하 려고 하 었 으나 무게 는 어쩌 ᆯ 수 없 어서 며칠 동안 고민 하 던 중 가성비 가 좋 아 보이 어 구매 하 았 음
만족	가성비 땜 에 세컨 노트북 으로 선택 하 았 고 , 만족 하 며 사용 중
좋	가성비 갑 인 노트북 이 네요 게임 을 하 지 않 는 저 에게 ᆫ 가장 좋 은 선택 이 되 었 습니다
좋	14인치 이 라고 하 아서 작 다고 생각 하 았 는데 배 젤 이 작 어서 그렇 ᆫ지 의외로 알차 ᆫ 화면 이 네요 무게 도 가볍 어서 들 고 다니 기 좋 을 것 같 습니다 가성비 좋 은 노트북 찾 으시 는 분 에게 강추 
좋	14인치 이 라고 하 아서 작 다고 생각 하 았 는데 배 젤 이 작 어서 그렇 ᆫ지 의외로 알차 ᆫ 화면 이 네요 무게 도 가볍 어서 들 고 다니 기 좋 을 것 같 습니다 가성비 좋 은 노트북 찾 으시 는 분 에게 강추
좋	40 만 원 대 에 가성비 좋 네요
좋	정말 가성비 좋 게 잘 사 았 어요
좋	그간 데스크탑 회사 에서 주 ᆫ 노트북 만 쓰 었 는데 이제 ᆫ 내 개인 용 노트북 이 있 어야겠 단 생각 에 게임 도 안 하 는 내 게 가장 적당 하 ᆫ 가격 에 가성비 좋 은 제품 이 뭐 ㄹ까 찾 다 이 녀석 을 찾 았 다 일단 AMD 는 이전 데스크탑 에서 도 쓰 어 보 ᆫ 경험 이 있 었 기 에 크게 신경 쓰 지 않 았 고 램 , HDD , SSD 업글 예 판 이 라는 것 끌리 어 주문 하 았 는데 받 자마자 박스 뜯 고 보 ᆫ 첫 느낌 은 음 좋 아 
좋	그간 데스크탑 회사 에서 주 ᆫ 노트북 만 쓰 었 는데 이제 ᆫ 내 개인 용 노트북 이 있 어야겠 단 생각 에 게임 도 안 하 는 내 게 가장 적당 하 ᆫ 가격 에 가성비 좋 은 제품 이 뭐 ㄹ까 찾 다 이 녀석 을 찾 았 다 일단 AMD 는 이전 데스크탑 에서 도 쓰 어 보 ᆫ 경험 이 있 었 기 에 크게 신경 쓰 지 않 았 고 램 , HDD , SSD 업글 예 판 이 라는 것 끌리 어 주문 하 았 는데 받 자마자 박스 뜯 고 보 ᆫ 첫 느낌 은 음 좋 아
좋	가성비 좋 은 것 는 말 하 ᆯ 필요 없 고
최고	가성비 로 는 최고 인 듯 하 ㅂ니다
좋	가성비 가 정말 좋 은 노트북 이 ㅂ니다
좋	가성비 노트북 을 찾 는다면 여러모로 좋 은 선택 이 되 ᆯ 것 같 습니다
최고	정말 최고 의 가성비 노트북 이 ㅂ니다
좋	생각 보다 쿨링 팬 발열 성능도 좋 고 적당 하 ᆫ 작업용 으로 는 최고 의 가성비 를 보여주 는 것 같 습니다 
최고	생각 보다 쿨링 팬 발열 성능도 좋 고 적당 하 ᆫ 작업용 으로 는 최고 의 가성비 를 보여주 는 것 같 습니다
좋	가성비 좋 습니다
좋	가성비 좋 습니다
좋	가성비 좋 아요
최고	가성비 최고 이 ㅂ니다
좋	가성비 좋 다는 이야기 를 많이 들 어 구매 하 게 되 었 어요 프리도스 가 처음 이 라 윈도우 설치 하 는데 좀 애먹 었 네요 그래도 처음 하 아서 애먹 었 지만 나름 뿌듯 하 고 괜찮 네요 주 변 에 노트북 구매 예정 인 사람 이 많 은데 추천 하 아 주 어야겠 어요 마우스 꼭 주 시 어요 마우스 없 어요 
괜찮	가성비 좋 다는 이야기 를 많이 들 어 구매 하 게 되 었 어요 프리도스 가 처음 이 라 윈도우 설치 하 는데 좀 애먹 었 네요 그래도 처음 하 아서 애먹 었 지만 나름 뿌듯 하 고 괜찮 네요 주 변 에 노트북 구매 예정 인 사람 이 많 은데 추천 하 아 주 어야겠 어요 마우스 꼭 주 시 어요 마우스 없 어요 
추천	가성비 좋 다는 이야기 를 많이 들 어 구매 하 게 되 었 어요 프리도스 가 처음 이 라 윈도우 설치 하 는데 좀 애먹 었 네요 그래도 처음 하 아서 애먹 었 지만 나름 뿌듯 하 고 괜찮 네요 주 변 에 노트북 구매 예정 인 사람 이 많 은데 추천 하 아 주 어야겠 어요 마우스 꼭 주 시 어요 마우스 없 어요
좋	가성비 좋 네요
좋	지인 이 가성비 좋 다고 추천 받 아 산 것 이 ᆫ데 아주 만족스럽 습니다 
추천	지인 이 가성비 좋 다고 추천 받 아 산 것 이 ᆫ데 아주 만족스럽 습니다
좋	가성비 가 좋 다는 말 에 덥썩 물 긴 하 았 으나 a / s 가 힘들 다는 평 이 있 더라구요
좋	가성비 정말 좋 습니다
좋	가성비 좋 은 노트북 으로 속도 도 좋 고 만족 하 ㅂ니다 
좋	가성비 좋 은 노트북 으로 속도 도 좋 고 만족 하 ㅂ니다 
만족	가성비 좋 은 노트북 으로 속도 도 좋 고 만족 하 ㅂ니다
최고	생각 보다 배송 이 일찍 오 았 네요 윈도우 설치 ㅎ ㅜ 작동 하 아 보 니 빠리 ㅅ 하네 요 업그레이드 도 잘 되 어 오 았 고 가성비 최고 제품 이 이 네요
최고	가성비 정말 최고 이 ㅂ니다
훌륭	아이 들 쓰 던 노트북 이 느리 어서 구매 하 았 는데 화면 도 쨍하 고 가성비 도 훌륭 하 네요
좋	가성비 로 유명 하 ᆫ 제품 이 ᆫ데 역시 나 좋 습니다
좋	가성비 매우 좋 습니다 강추 하 아요
최고	가성비 최고 이 이 ㅂ니다
좋	전 에 쓰 던 노트북 이 13인치 인 데 이번 14인치 랑 크 기가 같 네요 두께 는 더 얇 아 지 고 가성비 는 좋 은 것 같 습니다
좋	가볍고 , 사이즈 좋 고 , 가성비 좋 고 
좋	가볍고 , 사이즈 좋 고 , 가성비 좋 고
최고	가성비 최고 의 노트북 을 SSD 와 RAM 추가 사은품 까지 받 고 구입 하 ᆯ 수 있 어서 너무 좋 았 습니다 
좋	가성비 최고 의 노트북 을 SSD 와 RAM 추가 사은품 까지 받 고 구입 하 ᆯ 수 있 어서 너무 좋 았 습니다
좋	가성비 좋 습니다
좋	리얼 가성비 는 정말 좋 은 제품 인 것 같 습니다
좋	좋 은 가성비 노트북 이 ㅂ니다
훌륭	내장 그래픽 이 생각 보다 훌륭 하 아서 내장 그래픽 만 으로 이 정도 의 성능 을 나타내 는게 놀랍 고 다른 모든 부분 도 준수 하 고 현존 하 는 노트북 중 에서 가성비 이 라는 카테고리 만 으로 순위 를 매기 ᆫ다면 단연 1 등 이 지 않 을까 생각 하 ㅂ니다
좋	가성비 정말 좋 은 상품 인 것 같 아요
최고	정말 가성비 가 최고 인 제품 같 아요
최고	최고 의 가성비 물건 이 에요
좋	여기저기 사이트 에 좋 은 가성비 로 호평 이 라 믿 고 구입 하 았 습니다
좋	가성비 모델 이 ᄆ 에 도 디자인 도 예쁘 고 , 성능도 좋 고 , 배터리 까지 오래가 는 제품 이 ㅂ니다
최고	암튼 타 사이트 보다 쿠폰 할인 이 많이 되 어서 가성비 는 여기 가 최고 같 구요
최고	가성비 최고 인 듯 하 어요
좋	앞 으로 도 더 좋 은 가성비 노트북 있 으면 구매 하 ᆯ 생각 이 이 ㅂ니다
추천	가성비 노트북 추천 은 무 조 껀 이것 로 하 ㄹ꺼에요
좋	역시 가성비 는 무척 좋 은 것 같 습니다
추천	컴맹 이 라 컴퓨터 박사 인 지인 이 가성비 갑 이 라고 추천 하 아 주 어서 구입 하 앗 는데 배송 되 ᆫ 포장상태 도 굿 이 고 일단 좋 아 는 보이 고 가성비 갑 맞 네요 
좋	컴맹 이 라 컴퓨터 박사 인 지인 이 가성비 갑 이 라고 추천 하 아 주 어서 구입 하 앗 는데 배송 되 ᆫ 포장상태 도 굿 이 고 일단 좋 아 는 보이 고 가성비 갑 맞 네요
좋	중 이 고 알아보 다가 이 제품 을 알 게 되 어서 구매 하 았 는데 가성비 완전 좋 아요
좋	가성비 좋 은 노트북 이 ㅂ니다
좋	가성비 좋 은 노트북 이 ᄆ 에 는 틀림 없 습니다
최고	최고 의 가성비
좋	저렴 하 ᆫ 가성비 노트북 이 라 마감 이나 디자인 이 걱정 되 었 는데 생각 보다 너무 좋 아 아주 맘 에 드 ㅂ니다
좋	레노버 노트북 s 340 - 140 모델 첫 느낌 은 가볍 어서 ㅎ ㅠ 대 가 편하 다 이 이 ㅂ니다 동작 성능 은 ssd 이 므로 부팅 빠르 고 느리 다는 느낌 없이 한마디 로 가성비 좋 다 이 ㅂ니다 망설이 지 말 고 선택 하 면 되 ㅂ니다
좋	그램 이나 삼성 노트북 처럼 기본 가방 파우치 이런 것 이 ᆫ 없 지만 그만큼 절약 하 아서 가성비 가 좋 으니까요
추천	노트북 이 필요 하 아 검색 하 다가 가성비 노트북 으로 추천 이 많 아 구매 하 았 는데 속도 도 빠리 ㅅ 하 이 고 디자인 이나 색상 도 제 기준 에서 는 고급스럽 게 보이 며 좋 네요 
좋	노트북 이 필요 하 아 검색 하 다가 가성비 노트북 으로 추천 이 많 아 구매 하 았 는데 속도 도 빠리 ㅅ 하 이 고 디자인 이나 색상 도 제 기준 에서 는 고급스럽 게 보이 며 좋 네요
괜찮	성능도 빠르 고 가성비 괜찮 은 제품 이 라고 생각 하 ㅂ니다
만족	가성비 가 아니 라 일반 집 에서 사용 하 기 에 전혀 문제없 고 만족 하 며 사용 하 ㅂ니다
만족	가성비 만족 배송 만족 좋 아요 
만족	가성비 만족 배송 만족 좋 아요 
좋	가성비 만족 배송 만족 좋 아요
훌륭	가성비 모델 이 라 걱정 하 았 는데 외관 도 생각 보다 고급지 이 고 마 감도 훌륭 하 ᆫ 편 이 ㅂ니다
좋	이전 컴퓨터 가 망가지 어서 새롭 ᆫ걸 보 던 중 에 가성비 좋 다길래 구입 하 았 어요
추천	가성비 로 정말 추천 하 아요
최고	정말 가성비 최고 의 제품 이 ㅂ니다
좋	배송 도 빠르 고 가성비 좋 습니다
좋	에이서 제품 쓰 다가 가성비 좋 다고 하 아서 넘어오 았 습니다
추천	가성비 측면 에서 뛰어나 지만 어찌 하 아 보 ᆯ 수 없 는 정책 이 야속 하 아 추천 을 하 고 싶 지 는 않 네요
좋	노트북 을 처음 입문 하 게 되 었 는데 레노버 노트북 가성비 좋 게 잘 구입 하 ᆫ 것 같 아요
최고	가성비 최고 네 이 어 배송 도 빠르 고 박스 에 필요 하 ᆫ 것 들 만 딱 들 어 있 네요 좋 습니가 
좋	가성비 최고 네 이 어 배송 도 빠르 고 박스 에 필요 하 ᆫ 것 들 만 딱 들 어 있 네요 좋 습니가
좋	극 강의 가성비 이 라는 좋 은 후기 들 이 많 았 는데 직접 받 아 보 니 정말 좋 네요 
좋	극 강의 가성비 이 라는 좋 은 후기 들 이 많 았 는데 직접 받 아 보 니 정말 좋 네요
좋	가성비 좋 은 제품 으로 후기 평 들 도 좋 아 구매 하 았 는데 , 윈도우 설치 ㅎ ㅜ 아직 충분 하 ᆫ 사용 을 해보 지 는 못하 았 지만 , 어느 정도 만족스럽 습니다 
좋	가성비 좋 은 제품 으로 후기 평 들 도 좋 아 구매 하 았 는데 , 윈도우 설치 ㅎ ㅜ 아직 충분 하 ᆫ 사용 을 해보 지 는 못하 았 지만 , 어느 정도 만족스럽 습니다
좋	가성비 좋 은 제품 같 습니다
좋	인터넷 에서 노트북 중 에 가격대 와 성능 을 비교 하 아 가성비 가 좋 다 하 아 구매 하 았 습니다
최고	가성비 에 정말 맞 는 노트북 이 라고 생각 하 ㅂ니다 쓰 어 보 니 알 ᆯ 것 같 더라구요 삼 ㅜ 나 인강 용 으로 는 정말 최고 인 것 같 습니다
최고	가성비 는 최고 인 것 같 습니다
최고	상판 이 알루미늄 소재 이 라 고급스럽 고 , 가성비 는 최고 이 ㅂ니다 윈도우 설치 가 예전 에 비하 아 많이 쉬 어 지 었 군요
좋	무엇 보다 더블 업 이벤트 이 라 가성비 진짜 좋 습니다
좋	3500 u 가 가성비 좋 다고 하 아 구매 하 았 고 첫 구동 이 라 빠르 기 ᆫ 빠르 네요 롤 중 옵 가능 하 다 하 아 오늘 테스트 하 아 보 려 하 ㅂ니다
좋	가성비 좋 은 컴퓨터 대만족 이 이 ㅂ니다
좋	가성비 좋 습니다
좋	가성비 좋 고 디자인 성능 깔끔
최고	윈도우 무 설치 로 사 아서 첨 에 usb 를 못 잡 아서 하 아 매 었 는데 무사히 설치 완료 하 았 네요 가성비 최고 이 ㅂ니다
좋	꽤나 무겁지 만 가성비 좋 기 로 유명 하 ᆫ 제품 이 니 잘 쓰 어 보 겠 습니다 색깔 은 예쁘 ᆫ 것 같 아요 생각 보다 정말 무겁 니 무겁 ᆫ 것 싫 으시 ᆫ 분 들 은 고민 하 아 보 시 어야 하 ᆯ 것 에 요
좋	배송 빠르 고 성능 좋 고 가성비 굿
괜찮	아무튼 키감 도 괜찮 고 스피커 도 나쁘 지 않 고 화면 도 괜찮 은 가성비 로 는 정말 괜찮 은 제품 이 ㅂ니다 
괜찮	아무튼 키감 도 괜찮 고 스피커 도 나쁘 지 않 고 화면 도 괜찮 은 가성비 로 는 정말 괜찮 은 제품 이 ㅂ니다 
괜찮	아무튼 키감 도 괜찮 고 스피커 도 나쁘 지 않 고 화면 도 괜찮 은 가성비 로 는 정말 괜찮 은 제품 이 ㅂ니다
최고	가성비 최고 이 이 ㅂ니다
좋	가성비 아주 좋 네요
최고	가성비 최고
최고	노트북 기대 대로 가성비 최고 의 제품 인 것 같 습니다
최고	배송 이 아주 빠르 ㅂ니다 상판 이 알루미늄 소재 이 라 고급스럽 고 무엇 보다 가성비 는 최고 이 ㅂ니다 윈도우 설치 쉽 게 하 고 아주 잘 돌아가 ㅂ니다
최고	더블 업 이벤트 로 정말 가성비 최고 이 ㅂ니다
좋	그래도 좋 은 가성비 가 있 어서 재 구매 하 았 습니다
좋	9 면 가성비 매우 좋 은 듯
좋	더블 업 이벤트 이 라 진짜 가성비 진짜 좋 습니다
좋	배송 아주 빠르 었 습니다 생각 보다 되 게 성능 이 좋 아서 놀라 았 습니다 가성비 좋 고 휴대 하 기 도 편하 ㅂ니다 잘 사용 하 겠 습니다 
좋	배송 아주 빠르 었 습니다 생각 보다 되 게 성능 이 좋 아서 놀라 았 습니다 가성비 좋 고 휴대 하 기 도 편하 ㅂ니다 잘 사용 하 겠 습니다
만족	가성비 노트북 으로 대표 적 이 라서 구매 하 았 는데 만족 하 ㅂ니다 이벤트기간 이 라서 그러 ᆫ지 부품 업그레이드 도 싸게 구입 하 ᆫ 것 같 구요 부팅속도 도 빠르 네요 10 초 정도 걸리 는 듯 ssd 업글 은 안 하 았 습니다 체감 상 차이 없 다는데 그래도 더 낫 다는 다른 후기 들 을 참고 하 았 습니다 그냥 집 에 있 는 ssd 추가 로 달 았 습니다 별모양 나사 이 ㅂ니다 분해 실 때 참고 하 시 어요
최고	가성비 노트북 으로 최고 에 요 ssd 램 더블 업 이벤트 진행 하 ᆯ 때 언넝 사세 요 잘 쓰 ᆯ께요
좋	전 에 쓰 던 노트북 은 완전 무겁 었 는데 이것 ᆫ 들 고 다니 어도 정말 문제없이 좋 네요 가성비 인정 하 ㅂ니다
좋	가성비 좋 은 노트북 이 ㅂ니다
좋	배송 도 만족스럽 며 , 제품 퀄리티 및 자 팡 키감 도 휼륭 하 ㅂ니다 가성비 좋 네요
좋	고민 끝 에 선택 하 았 는데 가성비 좋 은 노트북 이 라고 만족 하 아 하 ㅂ니다 
만족	고민 끝 에 선택 하 았 는데 가성비 좋 은 노트북 이 라고 만족 하 아 하 ㅂ니다
대비	이 가격 에 이 정도 의 퀄리티 이 라면 동급 사양 대비 가성비 가 정말 훌륭 하 ᆫ 것 같 습니다 
훌륭	이 가격 에 이 정도 의 퀄리티 이 라면 동급 사양 대비 가성비 가 정말 훌륭 하 ᆫ 것 같 습니다
최고	결국 에 는 지르 고 받 고 사용 하 고 나 니 너무 만족스럽 고 가성비 최고 에 디자인 도 잘빠지 었 고
좋	오랜만 에 노트북 구입 하 았 는데 디자인 도 이쁘 고 가성비 도 좋 구 모든 게 맘 에 들 어요
좋	가성비 정말 좋 은 컴퓨터 에 요
좋	가성비 좋 은 노트북 찾 다가 사 아서 쓰 어 보 았 는데 만족 하 ㅂ니다 
만족	가성비 좋 은 노트북 찾 다가 사 아서 쓰 어 보 았 는데 만족 하 ㅂ니다
추천	가성비 노트북 찾 다가 아이디어패드 를 많이 추천 하 길래 사 았 는데 좋은것 같 아요
좋	가성비 좋 고
좋	가성비 진짜 좋 습니다
좋	초기불량 으로 센터 에 입고 시키 고 불량 판정 서 받 는 과정 이 너무 오래 걸리 어 신경 많이 쓰 었 는데 드디어 교환 받 았 네요 그래도 가성비 가 좋 으니 사용 하 려고 교환 으로 선택 하 았 고 성능 도 마음 에 들 어요 부담없이 사용 하 지 좋 은 노트북 이 고 고장 만 안 나 았 으면 하 네요 
좋	초기불량 으로 센터 에 입고 시키 고 불량 판정 서 받 는 과정 이 너무 오래 걸리 어 신경 많이 쓰 었 는데 드디어 교환 받 았 네요 그래도 가성비 가 좋 으니 사용 하 려고 교환 으로 선택 하 았 고 성능 도 마음 에 들 어요 부담없이 사용 하 지 좋 은 노트북 이 고 고장 만 안 나 았 으면 하 네요
좋	이 가격 에 이 정도 이 면 충분히 가성비 좋 다고 하 ᆯ 만하 네요
추천	유튜브 에서 추천 하 길래 사 았 는데 역시 가성비 갑
좋	가성비 좋 고 가볍고 색 도 은은 하 고요
최고	성능도 가성비 최고 이 에요 ♡
추천	인강 용 가성비 노트북 을 찾 다가 발견 하 았 는데 여기 저기 서 추천 하 아서 한번 구입 하 아 보 았 습니다 너무 저렴 하 고 좋 아요 
좋	인강 용 가성비 노트북 을 찾 다가 발견 하 았 는데 여기 저기 서 추천 하 아서 한번 구입 하 아 보 았 습니다 너무 저렴 하 고 좋 아요
좋	블루 색상 아주 예쁘 고 동작 빠르 고 가성비 너무너무 좋 아요
최고	동 가격대 에 최고 의 가성비 노트북 이 라고 하 더라고요 사용 중 이 ᆫ데 매우 만족 하 ㅂ니다 왕 추천 하 아요 
만족	동 가격대 에 최고 의 가성비 노트북 이 라고 하 더라고요 사용 중 이 ᆫ데 매우 만족 하 ㅂ니다 왕 추천 하 아요 
추천	동 가격대 에 최고 의 가성비 노트북 이 라고 하 더라고요 사용 중 이 ᆫ데 매우 만족 하 ㅂ니다 왕 추천 하 아요
만족	그래도 가성비 만족 하 ㅂ니다
만족	그래도 가성비 만족 하 ㅂ니다
좋	일단 가성비 가 좋 고 8 월 8 일 배송 예정 이 라고 하 았 는데 빠르 게 오 아서 좋 네요 
좋	일단 가성비 가 좋 고 8 월 8 일 배송 예정 이 라고 하 았 는데 빠르 게 오 아서 좋 네요
만족	작년 에 구매 하 고 가성비 에 넘 ㅜ 만족 하 아서 올해 동생 주 려고 또 살 네요 더블 업 이벤트 있 어서 더욱더 만족 스럽 어요 화면 크기 는 같 고 베젤 부분 이 슬림 하 아 지 었 네요 
만족	작년 에 구매 하 고 가성비 에 넘 ㅜ 만족 하 아서 올해 동생 주 려고 또 살 네요 더블 업 이벤트 있 어서 더욱더 만족 스럽 어요 화면 크기 는 같 고 베젤 부분 이 슬림 하 아 지 었 네요
최고	가성비 배송 최고 이 ㅂ니다 지금 까지 쓰 어 보 ᆫ 것 중 에 가성비 짱
좋	라 이제 ᆫ 3 세대 모바일 cpu 와 베 가 그래픽 그리고 8 기가 램 과 14인치 ips 그리고 백라이트 키보드 까지 그리고 가성비 좋 은 착하 ᆫ 가격 과 레노 보라 는 브랜드 까지 정말 가격 대비 좋 은 선택 같 습니다 
대비	라 이제 ᆫ 3 세대 모바일 cpu 와 베 가 그래픽 그리고 8 기가 램 과 14인치 ips 그리고 백라이트 키보드 까지 그리고 가성비 좋 은 착하 ᆫ 가격 과 레노 보라 는 브랜드 까지 정말 가격 대비 좋 은 선택 같 습니다 
좋	라 이제 ᆫ 3 세대 모바일 cpu 와 베 가 그래픽 그리고 8 기가 램 과 14인치 ips 그리고 백라이트 키보드 까지 그리고 가성비 좋 은 착하 ᆫ 가격 과 레노 보라 는 브랜드 까지 정말 가격 대비 좋 은 선택 같 습니다
좋	소문 대로 가성비 가 좋 아요
좋	저 는 컴알못 이 라 노트북 구입 하 ᆯ 때 고민 이 많 았 는 데 수많 은 상품명 을 믿 고 구입 하 아서 오늘 윈도우 설치 하 로 사용 하 아 보 니 엄청 이쁘 고 좋 네요 컴퓨터 가 게 사장 님 도 가성비 좋 은 물건 이 라고 하 아 주 시 니 기분 이 더 좋 습니다 
좋	저 는 컴알못 이 라 노트북 구입 하 ᆯ 때 고민 이 많 았 는 데 수많 은 상품명 을 믿 고 구입 하 아서 오늘 윈도우 설치 하 로 사용 하 아 보 니 엄청 이쁘 고 좋 네요 컴퓨터 가 게 사장 님 도 가성비 좋 은 물건 이 라고 하 아 주 시 니 기분 이 더 좋 습니다 
좋	저 는 컴알못 이 라 노트북 구입 하 ᆯ 때 고민 이 많 았 는 데 수많 은 상품명 을 믿 고 구입 하 아서 오늘 윈도우 설치 하 로 사용 하 아 보 니 엄청 이쁘 고 좋 네요 컴퓨터 가 게 사장 님 도 가성비 좋 은 물건 이 라고 하 아 주 시 니 기분 이 더 좋 습니다
최고	동일 사양 제품 중 에서 가성비 최고 인 것 같 습니다
만족	재질 은 플라스틱 이 라 약간 아쉽 지만 가격 이 가격 이 니 가성비 만족 하 ㅂ니다
좋	사실 비슷 하 ᆫ 가격대 비슷 하 ᆫ 성능 의 노트북 , 즉 대 체재 가 제조사 별로 다수 존재 하 아서 선택 하 는데 고민 이 많 았 으나 받 아 보 고 레노버 로 선택 하 기 ㄹ 잘 하 았 다는 생각 이 들 네요 asus 비보 북 과 끝 까지 고민 하 았 는데 결국 백라이트 키보드 에서 레노버 손 을 들 었 습니다 성능 이나 가격 이나 너무 마음 에 들 고 빌드 퀄리티 또한 이 가격대 에서 보 기 드물 게 아주 좋 습니다 라 이제 ᆫ 덕분 에 가성비 좋 은 노트북 을 구매 하 게 되 ᆫ 것 같 네요 
좋	사실 비슷 하 ᆫ 가격대 비슷 하 ᆫ 성능 의 노트북 , 즉 대 체재 가 제조사 별로 다수 존재 하 아서 선택 하 는데 고민 이 많 았 으나 받 아 보 고 레노버 로 선택 하 기 ㄹ 잘 하 았 다는 생각 이 들 네요 asus 비보 북 과 끝 까지 고민 하 았 는데 결국 백라이트 키보드 에서 레노버 손 을 들 었 습니다 성능 이나 가격 이나 너무 마음 에 들 고 빌드 퀄리티 또한 이 가격대 에서 보 기 드물 게 아주 좋 습니다 라 이제 ᆫ 덕분 에 가성비 좋 은 노트북 을 구매 하 게 되 ᆫ 것 같 네요
만족	가성비 노트북 이 최근 여러 브랜드 에서 나오 고 있 는데 , 제 가 선택 하 ᆫ 것 은 무게 휴대성 도 보 고 기본 성능도 만족 하 면서 IPS 패널 도 채택 하 ᆫ 아이디어 패드 이 었 는데 받 아 보 니 생각 하 ᆫ 것 과 일치 하 는 것 이 많 아서 만족 하 았 어요 , 배송 도 입 고 때 믄 에 늦 어 지 었 지만 입 고 ㅎ ㅜ 바로 보내주 시 어서 고맙 고요 , 몇 가지 문의 사항 도 잘 응대 하 아 주 시 어서 판매처 도 만족 하 ㅂ니다 지 문 이 눈 에 좀 띄이 기 는 하 는 재질 이 지만 크 ᆫ 문제 는 아니 ㅂ니다 
만족	가성비 노트북 이 최근 여러 브랜드 에서 나오 고 있 는데 , 제 가 선택 하 ᆫ 것 은 무게 휴대성 도 보 고 기본 성능도 만족 하 면서 IPS 패널 도 채택 하 ᆫ 아이디어 패드 이 었 는데 받 아 보 니 생각 하 ᆫ 것 과 일치 하 는 것 이 많 아서 만족 하 았 어요 , 배송 도 입 고 때 믄 에 늦 어 지 었 지만 입 고 ㅎ ㅜ 바로 보내주 시 어서 고맙 고요 , 몇 가지 문의 사항 도 잘 응대 하 아 주 시 어서 판매처 도 만족 하 ㅂ니다 지 문 이 눈 에 좀 띄이 기 는 하 는 재질 이 지만 크 ᆫ 문제 는 아니 ㅂ니다 
만족	가성비 노트북 이 최근 여러 브랜드 에서 나오 고 있 는데 , 제 가 선택 하 ᆫ 것 은 무게 휴대성 도 보 고 기본 성능도 만족 하 면서 IPS 패널 도 채택 하 ᆫ 아이디어 패드 이 었 는데 받 아 보 니 생각 하 ᆫ 것 과 일치 하 는 것 이 많 아서 만족 하 았 어요 , 배송 도 입 고 때 믄 에 늦 어 지 었 지만 입 고 ㅎ ㅜ 바로 보내주 시 어서 고맙 고요 , 몇 가지 문의 사항 도 잘 응대 하 아 주 시 어서 판매처 도 만족 하 ㅂ니다 지 문 이 눈 에 좀 띄이 기 는 하 는 재질 이 지만 크 ᆫ 문제 는 아니 ㅂ니다
좋	가성비 좋 습니다
좋	가성비 좋 습니다
추천	성능 은 현존 하 는 노트북 에서 가성비 가 좋은 것 같 습니다 주 변 지인 들 에게 도 추천 하 아 주 ᆯ 만큼 좋 네요 
좋	성능 은 현존 하 는 노트북 에서 가성비 가 좋은 것 같 습니다 주 변 지인 들 에게 도 추천 하 아 주 ᆯ 만큼 좋 네요
좋	정말 가성비 좋 습니다
최고	남편 이 필요 하 데 서 구입 하 았 는데 남편 이 가성비 최고 이 라며 좋아하 네요
좋	저렴 하 게 잘 사 았 네요 가성비 좋 아요
좋	이리저리 많이 알아보 았 는데 가성비 정말 좋 네요
좋	배송 이 생각 보다 빠르 었 고 더블 더블 이 라 가성비 좋 네요
최고	악 빠지 ᆫ 가성비 최고 제품 이 ㅂ니다
탁월	가성비 탁월 하 ㅂ니다 일단 가격 부담 되 고 이것 로 적극 추천 하 ㅂ니다 
추천	가성비 탁월 하 ㅂ니다 일단 가격 부담 되 고 이것 로 적극 추천 하 ㅂ니다
좋	쿠폰 상품권 탈탈 털 어서 사 았 는데 역시 좋 은 선택 이 았 습니다 가성비 휴대성 r 3 3500 14인치 굿 잡 팁 드리 자면 1 윈도우 설치 2 랜 드라이버 3 의 ㄴ 도우 업데이트 ㅎ ㅜ 드라이버 설치 하 시 어요
최고	동생 네 선물 로 주문 하 았 는데 윈도우10 설치 ㅎ ㅜ 사용 하 아 보 았 는데 더블 업 행사 덕분 이 ᆫ지 가성비 가 최고 네 요 앞 으로 도 좋 은 행사 부탁드리 ㅂ니다 
좋	동생 네 선물 로 주문 하 았 는데 윈도우10 설치 ㅎ ㅜ 사용 하 아 보 았 는데 더블 업 행사 덕분 이 ᆫ지 가성비 가 최고 네 요 앞 으로 도 좋 은 행사 부탁드리 ㅂ니다
좋	여러 모델 을 비교 하 아 보 았 는 데 저렴 하 면서 도 가성비 좋 은 모델 은 이것 네 요
대비	가격 대비 가성비 도 좋 고 구매 하 기 ㄹ 잘 하 ᆫ 것 같 아요 
좋	가격 대비 가성비 도 좋 고 구매 하 기 ㄹ 잘 하 ᆫ 것 같 아요
최고	가성비 최고
최고	몇일 을 고민 하 다 구입 하 ᆫ 레노버 노트북 무료 업글 에 가성비 최고 ㅂ니다 알 는 지인 한테 부탁 하 아서 원동 ㅜ 와 오피스 깔 고 화면 을 켜 니 부팅 속도 도 빠르 고 화질 도 선명 하 고 너무 좋 아요 스피커 소리 도 너무 좋 아요 따 ᆯ 아이 가 너무 좋아하 니 기쁘 네요 
좋	몇일 을 고민 하 다 구입 하 ᆫ 레노버 노트북 무료 업글 에 가성비 최고 ㅂ니다 알 는 지인 한테 부탁 하 아서 원동 ㅜ 와 오피스 깔 고 화면 을 켜 니 부팅 속도 도 빠르 고 화질 도 선명 하 고 너무 좋 아요 스피커 소리 도 너무 좋 아요 따 ᆯ 아이 가 너무 좋아하 니 기쁘 네요 
좋	몇일 을 고민 하 다 구입 하 ᆫ 레노버 노트북 무료 업글 에 가성비 최고 ㅂ니다 알 는 지인 한테 부탁 하 아서 원동 ㅜ 와 오피스 깔 고 화면 을 켜 니 부팅 속도 도 빠르 고 화질 도 선명 하 고 너무 좋 아요 스피커 소리 도 너무 좋 아요 따 ᆯ 아이 가 너무 좋아하 니 기쁘 네요
좋	가성비 도 좋 고 업그레이드 이벤트 로 더욱 훌륭 하 ᆫ 스펙 으로 받 을 수 있 습니다 
훌륭	가성비 도 좋 고 업그레이드 이벤트 로 더욱 훌륭 하 ᆫ 스펙 으로 받 을 수 있 습니다
최고	현재 최고 의 가성비 로 불리우 는 제품 답 게 빠릿빠릿 하 게 돌아가 네요
좋	라 이제 ᆫ 3 세대 모바일 cpu 와 베 가 그래픽 그리고 8 기가 램 과 14인치 ips 그리고 백라이트 키보드 까지 그리고 가성비 좋 은 착하 ᆫ 가격 과 레노 보라 는 브랜드 까지 정말 가격 대비 좋 은 선택 같 습니다 
대비	라 이제 ᆫ 3 세대 모바일 cpu 와 베 가 그래픽 그리고 8 기가 램 과 14인치 ips 그리고 백라이트 키보드 까지 그리고 가성비 좋 은 착하 ᆫ 가격 과 레노 보라 는 브랜드 까지 정말 가격 대비 좋 은 선택 같 습니다 
좋	라 이제 ᆫ 3 세대 모바일 cpu 와 베 가 그래픽 그리고 8 기가 램 과 14인치 ips 그리고 백라이트 키보드 까지 그리고 가성비 좋 은 착하 ᆫ 가격 과 레노 보라 는 브랜드 까지 정말 가격 대비 좋 은 선택 같 습니다
최고	가성비 최고 이 라고 생각 하 ㅂ니다
만족	가성비 굿 이 라 만족 하 고 잘 쓰 겠 습니다
좋	성능도 좋 고 가성비 킹 왕 짱 이 에요 무게 도 뭐 1
좋	이것 사고 나 니 hp 에서 가성비 더 좋 은 것 나오 았 다고 난리 더라구요
좋	50 만 원 아래 에 가성비 좋 은 노트북 을 찾 다보니 , 이 제품 과 에이서 제품 을 비교 하 던 중 에 우연히 더블 더블 업그레이드 이벤트 접하 고 구매 하 게 되 었 는데 성능 , 디자인 , 소음 , 발열 등 노트북 의 전반 적 인 부분 에 만족 하 고 있 습니다 
만족	50 만 원 아래 에 가성비 좋 은 노트북 을 찾 다보니 , 이 제품 과 에이서 제품 을 비교 하 던 중 에 우연히 더블 더블 업그레이드 이벤트 접하 고 구매 하 게 되 었 는데 성능 , 디자인 , 소음 , 발열 등 노트북 의 전반 적 인 부분 에 만족 하 고 있 습니다
최고	AMD 가 인텔 보다 수요 가 더 있 다 하 더니 가성비 로 는 최고 인 듯 하 ᄆ
좋	가성비 좋 은 노트북 이 ㅂ니다
좋	하지만 가격 을 비교 하 면 이해 가 가 는 부분 이 며 2 nd 노트북 정도 로 가성비 좋 은 노트북 을 고려 하 ᆫ다면 충분히 좋 은 제품 이 ㅂ니다 
고려	하지만 가격 을 비교 하 면 이해 가 가 는 부분 이 며 2 nd 노트북 정도 로 가성비 좋 은 노트북 을 고려 하 ᆫ다면 충분히 좋 은 제품 이 ㅂ니다 
좋	하지만 가격 을 비교 하 면 이해 가 가 는 부분 이 며 2 nd 노트북 정도 로 가성비 좋 은 노트북 을 고려 하 ᆫ다면 충분히 좋 은 제품 이 ㅂ니다
좋	배송 완전 빠르 고 오늘 받 아서 윈도우 깔 고 사용 하 는데 완전 빠르 고 좋 아요 블루 하 았 더니 손자국 은 진짜 많이 나 네요 가성비 진짜 좋 네요 자료 백업 하 는데 속도 가 짱 이 에요 
좋	배송 완전 빠르 고 오늘 받 아서 윈도우 깔 고 사용 하 는데 완전 빠르 고 좋 아요 블루 하 았 더니 손자국 은 진짜 많이 나 네요 가성비 진짜 좋 네요 자료 백업 하 는데 속도 가 짱 이 에요
좋	역시 AMD 가성비 는 좋 네요
추천	친구 추천 으로 알 게 되 었 는데 가성비 대비 아주 좋 다 하 아서 구매 하 았 어요 화면 이 깨끗 하 고 선명 하 ㅂ니다 화이트 사고 싶 었 어서 고민 하 다가 블루 
대비	친구 추천 으로 알 게 되 었 는데 가성비 대비 아주 좋 다 하 아서 구매 하 았 어요 화면 이 깨끗 하 고 선명 하 ㅂ니다 화이트 사고 싶 었 어서 고민 하 다가 블루 
좋	친구 추천 으로 알 게 되 었 는데 가성비 대비 아주 좋 다 하 아서 구매 하 았 어요 화면 이 깨끗 하 고 선명 하 ㅂ니다 화이트 사고 싶 었 어서 고민 하 다가 블루
최고	가성비 최고
좋	가성비 에 더블 업 이나 좋 아요
훌륭	가성비 가 훌륭 하 ᆫ 제품 이 라고 소문 이 자자 하 ᆫ 노트북 을 구입 하 았 습니다
좋	배송 도 빠르 고 사용 하 아 보 니 가성비 좋 습니다
좋	집 에 있 던 오래되 ᆫ 데스크탑 컴퓨터 를 버리 게 되 어 노트북 을 알아보 던 중 가성비 가 좋 은 노트북 이 라 하 어 구매 하 게 되 었 습니다
좋	이 이 게 가성비 가 좋 다믄서요
좋	가성비 로 좋 은 노트북 을 찾 다가 레노버 많이 추천 받 아서 알아보 고 구매 하 았 어요 
추천	가성비 로 좋 은 노트북 을 찾 다가 레노버 많이 추천 받 아서 알아보 고 구매 하 았 어요
좋	가성비 좋 은 것 이 ᆫ 알 고 있 었 고 색상 을 고민 하 았 는데
추천	6 년 정 도 사용 하 던 삼성 노트북 이 팬 이 고장 나서 어 as 받 을려고 하 았 는데 부품 이 단종 되 었 다고 하 어 구입 하 게 되 었 는데 사무용 으로 쓰 는 것 이 라 가볍고 저렴 하 ᆫ 노트북 알아보 던 중 여러 추천 블로그 및 가성비 가 너무 좋 고 사무용 급 보 단 좀더 좋 은 사양 이 지만 가격 은 사무용 의 저렴 하 ᆫ 가격 그리고 이벤트 혜택 어쩌 어 들 ᆫ 이래저래 설치 하 고 쓰 어 보 니 대만족 하 ㅂ니다 
좋	6 년 정 도 사용 하 던 삼성 노트북 이 팬 이 고장 나서 어 as 받 을려고 하 았 는데 부품 이 단종 되 었 다고 하 어 구입 하 게 되 었 는데 사무용 으로 쓰 는 것 이 라 가볍고 저렴 하 ᆫ 노트북 알아보 던 중 여러 추천 블로그 및 가성비 가 너무 좋 고 사무용 급 보 단 좀더 좋 은 사양 이 지만 가격 은 사무용 의 저렴 하 ᆫ 가격 그리고 이벤트 혜택 어쩌 어 들 ᆫ 이래저래 설치 하 고 쓰 어 보 니 대만족 하 ㅂ니다 
좋	6 년 정 도 사용 하 던 삼성 노트북 이 팬 이 고장 나서 어 as 받 을려고 하 았 는데 부품 이 단종 되 었 다고 하 어 구입 하 게 되 었 는데 사무용 으로 쓰 는 것 이 라 가볍고 저렴 하 ᆫ 노트북 알아보 던 중 여러 추천 블로그 및 가성비 가 너무 좋 고 사무용 급 보 단 좀더 좋 은 사양 이 지만 가격 은 사무용 의 저렴 하 ᆫ 가격 그리고 이벤트 혜택 어쩌 어 들 ᆫ 이래저래 설치 하 고 쓰 어 보 니 대만족 하 ㅂ니다
만족	배송 , 제품 속도 디자인 키감 가성비 모두 만족 하 ㅂ니다
추천	6 년 정 도 사용 하 던 삼성 노트북 이 팬 이 고장 나서 어 as 받 을려고 하 았 는데 부품 이 단종 되 었 다고 하 어 구입 하 게 되 었 는데 사무용 으로 쓰 는 것 이 라 가볍고 저렴 하 ᆫ 노트북 알아보 던 중 여러 추천 블로그 및 가성비 가 너무 좋 고 사무용 급 보 단 좀더 좋 은 사양 이 지만 가격 은 사무용 의 저렴 하 ᆫ 가격 그리고 이벤트 혜택 어쩌 어 들 ᆫ 이래저래 설치 하 고 쓰 어 보 니 대만족 하 ㅂ니다 
좋	6 년 정 도 사용 하 던 삼성 노트북 이 팬 이 고장 나서 어 as 받 을려고 하 았 는데 부품 이 단종 되 었 다고 하 어 구입 하 게 되 었 는데 사무용 으로 쓰 는 것 이 라 가볍고 저렴 하 ᆫ 노트북 알아보 던 중 여러 추천 블로그 및 가성비 가 너무 좋 고 사무용 급 보 단 좀더 좋 은 사양 이 지만 가격 은 사무용 의 저렴 하 ᆫ 가격 그리고 이벤트 혜택 어쩌 어 들 ᆫ 이래저래 설치 하 고 쓰 어 보 니 대만족 하 ㅂ니다 
좋	6 년 정 도 사용 하 던 삼성 노트북 이 팬 이 고장 나서 어 as 받 을려고 하 았 는데 부품 이 단종 되 었 다고 하 어 구입 하 게 되 었 는데 사무용 으로 쓰 는 것 이 라 가볍고 저렴 하 ᆫ 노트북 알아보 던 중 여러 추천 블로그 및 가성비 가 너무 좋 고 사무용 급 보 단 좀더 좋 은 사양 이 지만 가격 은 사무용 의 저렴 하 ᆫ 가격 그리고 이벤트 혜택 어쩌 어 들 ᆫ 이래저래 설치 하 고 쓰 어 보 니 대만족 하 ㅂ니다
좋	제품 은 가볍고 가성비 도 좋 습니다
좋	가성비 가 좋 아서 만족 하 ㅂ니다 
만족	가성비 가 좋 아서 만족 하 ㅂ니다
좋	4 kg 의 무게 에 ips 패널 램 업글 등등 아주 가성비 좋 은 제품 이 ㅂ니다
좋	가성비 도 좋 고
추천	가성비 따지 는 분 들 은 추천 이 ㅂ니다
최고	작 은 사이즈 에 가성비 는 최고 인 것 같 아요
좋	교육 가 았 다가 이제서야 받 아서 이것 저것 돌리 어 보 고 있 는데 가성비 확실히 좋 네요 그레이 보다 실버 이 라는 느낌 이 들 는데 그래서 더 좋 네요 
좋	교육 가 았 다가 이제서야 받 아서 이것 저것 돌리 어 보 고 있 는데 가성비 확실히 좋 네요 그레이 보다 실버 이 라는 느낌 이 들 는데 그래서 더 좋 네요
최고	전 에 쓰 던 노트북 이 무겁 어서 휴대용 노트북 을 한동안 알아보 고 있 었 는데 S 사 제품 이나 L 사 제품 이 탐나 기 도 하 았 지만 가격 이 만만 하 지 않 아 망설이 던 찰나 가성비 최고 의 노트북 Lenovo S 340 - 14 API 버전 을 만나 게 되 었 다
최고	역시 가성비 최고 의 노트북 Lenovo S 340 - 14 , 고민 하 지 말 고 구매 하 시 길
최고	50 만 원 이내 가격대 가성비 최고 의 노트북 을 최저가 에 구입 하 았 습니다
좋	레노버 라 이제 ᆫ 피카소 T 5 14 모니터 생각 보다 는 작 아요 성능 은 가성비 좋 고요 가지 고 다니 기 에 좋 을 듯 하 고요 발열 도 무난 하 고요 정말 이 지 모니터 좀더 크 ᆫ 것 나오 았 으면 진심 구매 하 ㅂ니다 
좋	레노버 라 이제 ᆫ 피카소 T 5 14 모니터 생각 보다 는 작 아요 성능 은 가성비 좋 고요 가지 고 다니 기 에 좋 을 듯 하 고요 발열 도 무난 하 고요 정말 이 지 모니터 좀더 크 ᆫ 것 나오 았 으면 진심 구매 하 ㅂ니다
좋	가성비 좋 다고 추천 받 아서 구매 하 았 습니다 배송 도 빠르 고 배송 상태 도 좋 습니다 추가설치 잘 하 았 구요 만족 하 ㅂ니다 
추천	가성비 좋 다고 추천 받 아서 구매 하 았 습니다 배송 도 빠르 고 배송 상태 도 좋 습니다 추가설치 잘 하 았 구요 만족 하 ㅂ니다 
좋	가성비 좋 다고 추천 받 아서 구매 하 았 습니다 배송 도 빠르 고 배송 상태 도 좋 습니다 추가설치 잘 하 았 구요 만족 하 ㅂ니다 
만족	가성비 좋 다고 추천 받 아서 구매 하 았 습니다 배송 도 빠르 고 배송 상태 도 좋 습니다 추가설치 잘 하 았 구요 만족 하 ㅂ니다
추천	가성비 노트북 을 찾 으시 ᆫ다면 적극 추천 하 ㅂ니다
대비	가성비 대비 좋 은 제품 이 라 레노버 릉 애용 합 이 니 두 ㅋ 
좋	가성비 대비 좋 은 제품 이 라 레노버 릉 애용 합 이 니 두 ㅋ
최고	가성비 가 최고 이 이 ㅂ니다
좋	가성비 엄청 좋 은 제품 이 라고 하 네요
최고	사실 웹 서핑 과 영화 감상 용 으로 저렴 하 ᆫ 가격 에 구매 하 기 ᆫ 하 았 는데 , 역시 가성비 최고 이 라는 말 이 들어맞 는 것 같 습니다
만족	다른 분 들 보 면 늦 게 받 으시 는 분 들 도 계시 던데 저 는 빨리 오 아서 매우 만족 하 ㅂ니다 그리고 프리 도스 제품 을 선택 하 았 는데 윈도우10 설치 가 좀 까다롭 다는 글 이 많 던데 그 와 달리 저 는 쉽 게 설치 하 았 습니다 속도 도 빠르 고 디자인 도 이 뿌 고 성능 도 만족 하 ㅂ니다 가성비 끝판 왕 인 듯 하 ㅂ니다 더블 업 서비스 도 매우 만족 하 ㅂ니다 이 ᆫ 가격대 광 시야 각 패널 도 정말 좋 네요 
만족	다른 분 들 보 면 늦 게 받 으시 는 분 들 도 계시 던데 저 는 빨리 오 아서 매우 만족 하 ㅂ니다 그리고 프리 도스 제품 을 선택 하 았 는데 윈도우10 설치 가 좀 까다롭 다는 글 이 많 던데 그 와 달리 저 는 쉽 게 설치 하 았 습니다 속도 도 빠르 고 디자인 도 이 뿌 고 성능 도 만족 하 ㅂ니다 가성비 끝판 왕 인 듯 하 ㅂ니다 더블 업 서비스 도 매우 만족 하 ㅂ니다 이 ᆫ 가격대 광 시야 각 패널 도 정말 좋 네요 
만족	다른 분 들 보 면 늦 게 받 으시 는 분 들 도 계시 던데 저 는 빨리 오 아서 매우 만족 하 ㅂ니다 그리고 프리 도스 제품 을 선택 하 았 는데 윈도우10 설치 가 좀 까다롭 다는 글 이 많 던데 그 와 달리 저 는 쉽 게 설치 하 았 습니다 속도 도 빠르 고 디자인 도 이 뿌 고 성능 도 만족 하 ㅂ니다 가성비 끝판 왕 인 듯 하 ㅂ니다 더블 업 서비스 도 매우 만족 하 ㅂ니다 이 ᆫ 가격대 광 시야 각 패널 도 정말 좋 네요 
좋	다른 분 들 보 면 늦 게 받 으시 는 분 들 도 계시 던데 저 는 빨리 오 아서 매우 만족 하 ㅂ니다 그리고 프리 도스 제품 을 선택 하 았 는데 윈도우10 설치 가 좀 까다롭 다는 글 이 많 던데 그 와 달리 저 는 쉽 게 설치 하 았 습니다 속도 도 빠르 고 디자인 도 이 뿌 고 성능 도 만족 하 ㅂ니다 가성비 끝판 왕 인 듯 하 ㅂ니다 더블 업 서비스 도 매우 만족 하 ㅂ니다 이 ᆫ 가격대 광 시야 각 패널 도 정말 좋 네요
좋	가성비 좋 고 깔끔 하 고 딱 좋 네요 
좋	가성비 좋 고 깔끔 하 고 딱 좋 네요
최고	오 오 오 가성비 최고 네 요 성능 괜찮 음 온 보드 메모리 용량 이 적 으므로 메모리 를 필수 로 늘리 어 주 시 어요 
괜찮	오 오 오 가성비 최고 네 요 성능 괜찮 음 온 보드 메모리 용량 이 적 으므로 메모리 를 필수 로 늘리 어 주 시 어요
좋	포장 너무 이쁘 게 오 아서 뭐 파손 되 ᆫ 사항 도 없 었 고 요 윈도우 설치 하 아서 잘 사용 중 이 ㅂ니다 나중 에 노트북 사 게 되 면 레노버 에서 구입 하 ᆯ듯 싶 네요 가성비 도 좋 아서 많이 생각 안 하 고 구매 하 았 는데 만족스럽 습니다
좋	업무용 으로 필요 하 아서 여러 모델 중 에 고민 하 다가 요놈 으로 결정 하 았 네요 다르 ᆫ 분 들 과 마찬가지 로 가성비 좋 은 것 같 습니다
좋	가성비 정말 좋 은 제품 인 것 같 습니다
좋	특히 , 가성비 가 너무 좋 은 것 같 아서 아주 만족 하 고 있 습니다 
만족	특히 , 가성비 가 너무 좋 은 것 같 아서 아주 만족 하 고 있 습니다
좋	디자인 , 성능 , 가성비 , 좋 은 노트북 이 찾 다가 검색 하 다가 Lenovo S 340 - 14 API 라 이제 ᆫ 피카소 R 5 를 보 고 제 가 원하 는 노트북 이 아서 바로 구매 를 하 았 습니다
좋	구매 하 지 전 부터 레노버 아이디어패드 S 340 라 이제 ᆫ 피카소 가성비 좋 다는 소문 이자 자 하 아서 기대 하 았었 는데
좋	소음 도 작 고 가성비 좋 은 제품 으로 강추 하 ㅂ니다
최고	반응 도 빠릿빠릿 하 고 생각 보다 배터리 타임 도 길 고 가볍 게 충전기 없이 쓰 는 용도 의 노트북 중 가성비 최고 가 아니 ᆫ가 생각 되 ㅂ니다
좋	가성비 좋 은 노트북 으로 적극 추천 하 ㅂ니다 
추천	가성비 좋 은 노트북 으로 적극 추천 하 ㅂ니다
최고	레노버 라는 것 단점 이 지만 레노버 이 기 에 현존 하 는 최고 의 가성비 노트북 을 출시 하 ᆫ 것 같 아요
최고	동급 가성비 노트북 들 중 에 최고 이 라고 생각 하 ㅂ니다
만족	정말 가성비 아주 만족 하 ㅂ니다
훌륭	4 k 영상 도 훌륭 하 게 잘 플레이 되 니 가성비 로 이만한 게 있 을까 싶 네요
좋	아무튼 가성비 좋 은 듯 하 어요
괜찮	노트북 가볍고 들 고 다니 기 에 도 괜찮 고 가성비 갑 이 ㅂ니다
최고	가성비 가 최고 이 이 ㅂ니다
최고	최고 이 ᄆ 배송 도 최 이 고 걍 이 이 게 최고 이 ㅂ니다 가성비 굿 
최고	최고 이 ᄆ 배송 도 최 이 고 걍 이 이 게 최고 이 ㅂ니다 가성비 굿
만족	오늘 윈도우 설치 하 고 사용 하 는데 정말 만족 하 ㅂ니다 전 에 쓰 던 노트북 이 무겁 어서 그렇 ᆫ지 는 모르 겠 지만 상당히 가볍 게 느껴지 네요 가성비 매우 만족 이 ㅂ니다 
만족	오늘 윈도우 설치 하 고 사용 하 는데 정말 만족 하 ㅂ니다 전 에 쓰 던 노트북 이 무겁 어서 그렇 ᆫ지 는 모르 겠 지만 상당히 가볍 게 느껴지 네요 가성비 매우 만족 이 ㅂ니다
좋	T 5 나사 때문 에 생각 보다 업그레이드 가 어렵 었 네요 그래도 많이 무겁지 않 고 가성비 좋 은 랩탑 이 ㅂ니다 윈10 설치 시 드라이버 도 잘 잡히 네요
괜찮	몇 일 더 쓰 어 보 아야 알 겠 지만 가성비 는 굿 이 ㅂ니다 이 ᆫ 가격 에 가볍 ᆫ 무게 , 백라이트 , 슬림 베젤 , 사양 도 인텔 i5 급 이 니 다르 ᆫ 부분 에서 조금 타협 하 아서 쓰 는 것 도 괜찮 은 것 같 네요 문제없이 오래 쓰 었 으면 좋 겠 네요 
좋	몇 일 더 쓰 어 보 아야 알 겠 지만 가성비 는 굿 이 ㅂ니다 이 ᆫ 가격 에 가볍 ᆫ 무게 , 백라이트 , 슬림 베젤 , 사양 도 인텔 i5 급 이 니 다르 ᆫ 부분 에서 조금 타협 하 아서 쓰 는 것 도 괜찮 은 것 같 네요 문제없이 오래 쓰 었 으면 좋 겠 네요
좋	대학생 들 이 사용 하 지 가장 좋 은 가성비 노트북 중 에 하나 인 것 같 네요
좋	윈도우 는 설치 하 아야 하 나 가성비 좋 아요 램 도 무료 업글 하 았 네요
좋	가성비 좋 은 노트북 이 ㅂ니다
좋	정말 가성비 가 좋 군요
최고	배송 도 빨리 오 고 이 가격대 에 가성비 는 최고 이 ㅂ니다
좋	노트북 자체 는 가성비 가 좋 고 추천 하 ᆯ 만 하 ㅂ니다 
추천	노트북 자체 는 가성비 가 좋 고 추천 하 ᆯ 만 하 ㅂ니다
좋	배송 빠르 고 색감 좋 네요 , 유분 이 잘 묻 어서 티나 는게 좀 아쉽 지만 , 정말 가성비 좋 은 노트북 이 ᄆ 에 는 틀림 없 습니다 
좋	배송 빠르 고 색감 좋 네요 , 유분 이 잘 묻 어서 티나 는게 좀 아쉽 지만 , 정말 가성비 좋 은 노트북 이 ᄆ 에 는 틀림 없 습니다
좋	가성비 좋 은 노트북 으로 알리 어 지 어서 구입 하 게 되 었 습니다
최고	진짜 가성비 는 최고 인 것 같 습니다
좋	이 가격 에 이 성능 이 라니 정말 가성비 좋 습니다
좋	가성비 좋 은 노트북 추천 드리 ㅂ니다 
추천	가성비 좋 은 노트북 추천 드리 ㅂ니다
좋	가성비 도 좋 고
좋	넘 ㅜ 가성비 좋 고
좋	가성비 좋 기 로 소문나 아서 선물 용 으로 4 g 메모리 업 이벤트 받 았 고 일정 이 급하 아 방문 수령 하 았 습니다
대비	가성비 대비 아주 만족 하 ㅂ니다 
만족	가성비 대비 아주 만족 하 ㅂ니다
최고	이 가격 에 이 제품 가성비 최고 네 요 정품 윈도우 깔 니 드라이버 다 잡히 네요
좋	여러 가지 조사 를 하 고 그중 가성비 가 좋 다는 말 이 가장 많 았 던 제품 을 선택 하 았 습니다
만족	가성비 값 이 라고 하 아서 사 았 는데 만족 하 ㅂ니다
추천	가성비 노트북 찾 으시 는 분 은 무조건 추천 이 ㅂ니다
좋	휴대성 이 좋 고 가성비 로 애쓰 어 만족 하 ᄆ 
만족	휴대성 이 좋 고 가성비 로 애쓰 어 만족 하 ᄆ
만족	이 가격 에 이 정도 사양 이 면 정말 만족 하 ㅂ니다 가성비 짱 이 예 용
최고	가성비 최고 인 것 같 네요
좋	성능도 좋 고 아주 핵 가성비 이 ㅂ니다
좋	상품 개봉 ㅎ ㅜ 윈도우 10 설치 하 고 amd 드라이버 하 고 다른 드라이버 들 설치 하 는데 1 시간 도 안 들 네요 가성비 넘 좋 아요
좋	가성비 가 매우 좋 습니다
추천	이 노트북 가성비 끝판 왕 으로 추천 하 ㅂ니다
최고	최고 의 가성비 제품 인 것 같 습니다
좋	5 년 전 에 도 레노버 가성비 노트북 을 쓰 엇 었 는데 비슷 하 ᆫ 가격 이 ᆫ데 도 성능 과 디자인 이 엄청 좋 아 지 었 네요
좋	색 도 고급 스럽 어서 이쁘 ᆫ데 가성비 정말 좋 아요
좋	가성비 좋 고
대비	하지만 가격 대비 고사양 이 라서 가성비 최고 이 에요 
최고	하지만 가격 대비 고사양 이 라서 가성비 최고 이 에요
좋	여러모로 가성비 가 좋 기 때문 에 추천 하 ㅂ니다 
추천	여러모로 가성비 가 좋 기 때문 에 추천 하 ㅂ니다
만족	상품 을 받 기 전 에 는 레노버 란 이름 에 약간 은 의심 의 눈초리 를 보내 ᆫ 것 이 ᆫ 사실 이 지만 막상 노트북 을 받 고 각종 프로그램 을 설치 하 는데 빠릿빠릿 하 ㅂ니다 아직 사용 하 ᆫ 지 얼마 되 지 않 아서 확실 하 ᆫ 얘기 는 못하 겠 지만 와이프 가 상당히 만족 하 고 있 어서 저 도 만족 이 ㅂ니다 한가지 걱정 되 는 것 이 ᆫ 발열 이 ᆫ데 별 문제없 으리라 믿 습니다 가성비 가 좋 아 그냥 사무용 으로 ᆫ 아주 쾌적 하 게 사용 하 ᆯ 듯 하 ㅂ니다 강추 
만족	상품 을 받 기 전 에 는 레노버 란 이름 에 약간 은 의심 의 눈초리 를 보내 ᆫ 것 이 ᆫ 사실 이 지만 막상 노트북 을 받 고 각종 프로그램 을 설치 하 는데 빠릿빠릿 하 ㅂ니다 아직 사용 하 ᆫ 지 얼마 되 지 않 아서 확실 하 ᆫ 얘기 는 못하 겠 지만 와이프 가 상당히 만족 하 고 있 어서 저 도 만족 이 ㅂ니다 한가지 걱정 되 는 것 이 ᆫ 발열 이 ᆫ데 별 문제없 으리라 믿 습니다 가성비 가 좋 아 그냥 사무용 으로 ᆫ 아주 쾌적 하 게 사용 하 ᆯ 듯 하 ㅂ니다 강추 
좋	상품 을 받 기 전 에 는 레노버 란 이름 에 약간 은 의심 의 눈초리 를 보내 ᆫ 것 이 ᆫ 사실 이 지만 막상 노트북 을 받 고 각종 프로그램 을 설치 하 는데 빠릿빠릿 하 ㅂ니다 아직 사용 하 ᆫ 지 얼마 되 지 않 아서 확실 하 ᆫ 얘기 는 못하 겠 지만 와이프 가 상당히 만족 하 고 있 어서 저 도 만족 이 ㅂ니다 한가지 걱정 되 는 것 이 ᆫ 발열 이 ᆫ데 별 문제없 으리라 믿 습니다 가성비 가 좋 아 그냥 사무용 으로 ᆫ 아주 쾌적 하 게 사용 하 ᆯ 듯 하 ㅂ니다 강추
좋	가성비 좋 습니다
최고	역대 가성비 최고 의 노트북 속도 화면 넉넉 하 ᆫ 용량 모든 게 맘 에 들 네요 디자인 까지 도 세련 되 ᆫ 느낌 구매 하 지 잘 하 았 다는 생각 이 들 는 제품 이 이 ㅂ니다
좋	가성비 는 좋 습니다
최고	빠릿빠릿 하 고 웹서핑 , 문서작업 에 최고 의 가성비 s 3430 14 api
좋	암튼 가성비 좋 은 노트북 잘 사 았 습니다
좋	가성비 좋 은 휴대 가능 하 ᆫ 노트북 개인 적 으로 AMD 좋아하 고 이번 세대 노트북 CPU 잘 나오 ᆫ 것 같 아서 구입 하 아 보 았 습니다
좋	암튼 가성비 좋 은 노트북 잘 사 았 습니다
좋	문서작업 과 강의 시청 용 으로 구매 하 았 어요 받 아서 윈도우 설치 하 고 이것저것 세팅 하 는데 빠리 ㅅ 하 이 고 , 화면 도 불편 하 ᆫ걸 모르 겠 네요 가성비 좋 아서 앞 으로 도 구매 의사 있 습니다
좋	2 일 만 에 배송 되 고 설치 도 엄청 빨리 되 고 생각 보다 성능 좋 네요 가성비 굿
좋	가성비 너무 좋 아요 50 만 원 미만 치 고 ips 에 너무 좋 은 것 아니 ㅂ니까 
좋	가성비 너무 좋 아요 50 만 원 미만 치 고 ips 에 너무 좋 은 것 아니 ㅂ니까
좋	가성비 굳 성능 이 좋 네요
최고	가성비 최고 의 노트북 빅스마일 데이 에 구매 하 ᆫ 노트북 ( SSD 더블 업 , 램 4기가 추가 ) 에 여유 로 가지 고 있 던 M
좋	가성비 가 좋 다고 하 아서 많이 생각 하 고 알아보 고 사 았 는데 대
최고	사실 착하 ᆫ 가격 에 가성비 는 최고 네 요
대비	동급 인텔 제품 대비 가성비 도 장난 아니 ᆫ
괜찮	그냥 뽐뿌 에서 가성비 괜찮 다는 얘기 ㄹ 보 고 사 았 고 뽐뿌 에서 미 개봉 으로 사라 이 길래 무엇 이 ᆫ지 도 모르 고 다 따르 아 하 았 는데
좋	정말 가성비 좋 네요
대비	가격 대비 우수 하 ᆫ 성능 , 가성비 괘 ㄴ 찬 이 고
좋	6 년 동안 사용 하 ᆫ 노트북 을 대신 하 ᆯ 가성비 좋 은 레노버 S 340 - 14 API
최고	뭐 알 시 겠 지만 가성비 최고
최고	최고 의 가성비 제품 이 ㅂ니다
좋	가성비 좋 고 이쁘 네요 상판 모서리 찍히 어 오 았 는데 검수 꼼꼼히 부탁 ㅠ
좋	마침 노트북 이 필요 하 았 던 차 에 박스 데 이 ᆫ 마지막날 에 구매 하 았 네요 그럭저럭 좋 ᆫ지 빠르 ᆫ지 잘 모르 겠 지만 다른 분 들 이 가성비 좋 고 괞찬다고하니들 그렇 려니 하 ㅂ니다 첫 개봉 시 상판 중간 부분 에 살 짹 찍 어 하 ᆫ 부분 이 있 어 맘 이 상하 앗 는데 쓰 다 보 면 기스 는 자연 적 이 고 일단 윈도우 설치 하 고 
좋	마침 노트북 이 필요 하 았 던 차 에 박스 데 이 ᆫ 마지막날 에 구매 하 았 네요 그럭저럭 좋 ᆫ지 빠르 ᆫ지 잘 모르 겠 지만 다른 분 들 이 가성비 좋 고 괞찬다고하니들 그렇 려니 하 ㅂ니다 첫 개봉 시 상판 중간 부분 에 살 짹 찍 어 하 ᆫ 부분 이 있 어 맘 이 상하 앗 는데 쓰 다 보 면 기스 는 자연 적 이 고 일단 윈도우 설치 하 고
좋	마침 노트북 이 필요 하 았 던 차 에 박스 데 이 ᆫ 마지막날 에 구매 하 았 네요 그럭저럭 좋 ᆫ지 빠르 ᆫ지 잘 모르 겠 지만 다른 분 들 이 가성비 좋 고 괞찬다고하니들 그렇 려니 하 ㅂ니다 첫 개봉 시 상판 중간 부분 에 살 짹 찍 어 하 ᆫ 부분 이 있 어 맘 이 상하 앗 는데 쓰 다 보 면 기스 는 자연 적 이 고 일단 윈도우 설치 하 고 
좋	마침 노트북 이 필요 하 았 던 차 에 박스 데 이 ᆫ 마지막날 에 구매 하 았 네요 그럭저럭 좋 ᆫ지 빠르 ᆫ지 잘 모르 겠 지만 다른 분 들 이 가성비 좋 고 괞찬다고하니들 그렇 려니 하 ㅂ니다 첫 개봉 시 상판 중간 부분 에 살 짹 찍 어 하 ᆫ 부분 이 있 어 맘 이 상하 앗 는데 쓰 다 보 면 기스 는 자연 적 이 고 일단 윈도우 설치 하 고
최고	가성비 최고 , 아니 파괴 이 라 불리 어도 손색 이 없 을 제품 이 ㅂ니다
최고	다른 분 후기 처럼 가성비 는 최고 인 것 같 고요
최고	가성비 최고 레노버 S 340 - 14 API
좋	6 년 동안 사용 하 ᆫ 노트북 을 대신 하 ᆯ 가성비 좋 은 레노버 S 340 - 14 API
좋	가성비 정말 좋 아요
좋	뽑 기운 만 좋 다면 가성비 는 최 강 인 것 같 습니다 , 윈10 프로 로 설치 하 면 드라이버 등 문제 는 없 었 습니다
좋	가성비 좋 습니다
최고	제품 자체 는 가성비 최고 인정 하 ㅂ니다
만족	이 정도 가격 에 이 스펙 이 면 가성비 는 따지 ᆯ 필요 도 없 네요 배송 도 기대 하 ᆫ 것 보 다는 일찍 도착 하 아서 만족 하 고 요 키감 도 부드럽 고 불량 도 없 내 요 무게 도 가볍고 요구 동 하 니 부드럽 게 잘 돌아가 ㅂ니다
최고	가성비 최고 인 것 같 아요
최고	다른 분 후기 처럼 가성비 는 최고 인 것 같 고요
만족	이 가격 에 이 정도 이 면 만족 하 ㅂ니다 장점 : 가성비 , 분해 편리 성 , 너무 무겁지 않 은 정도 의 무게
좋	가성비 짱 이 ㅂ니다 상품평 들 이 좋 아 믿 고 구매 하 았 습니다
최고	가성비 최고 의 노트북 으로 추천 하 ㅂ니다 
추천	가성비 최고 의 노트북 으로 추천 하 ㅂ니다
좋	미 개봉 을 원하 았 는데 업그레이드 하 아서 보내주 시 었 네요 그래도 잘 쓰 겠 습니다 가성비 좋 습니다
좋	배송 은 아쉽 지만 정말 좋 은 가성비 로 노트북 을 건지 었 습니다
최고	수백 개 의 상품평 처럼 가성비 최고 이 에요
최고	가성비 최고 오늘 받 았 고 , 윈도우 및 기타 프로그램 들 설치 하 았 습니다
좋	가성비 좋 아요
최고	가성비 최고
최고	서브 노트북 이상 이 네요 수백 개 의 상품평 처럼 가성비 최고 이 에요
괜찮	가성비 킹 인정 예정 보다 배송 도 빠르 었 고 미 개봉 으로 구매 하 았 는데 기본 장착 되 ᆫ ssd 성능도 괜찮 았 습니다
좋	가성비 좋 은 노트 불 40 만 원 대 이 정도 성능 을 내 는 노트북 은 드물 ᆫ데 정말 좋 은 것 같 아요 
좋	가성비 좋 은 노트 불 40 만 원 대 이 정도 성능 을 내 는 노트북 은 드물 ᆫ데 정말 좋 은 것 같 아요
만족	만족 하 ㅂ니다 가성비 짱
좋	처음 받 았 는데 윈도우 깔 고 잘 쓰 고 있 습니다 가성비 가 좋 은 듯 하 네요
좋	이제 막 윈도우 만 설치 하 았 지만 가성비 좋 을 것 같 습니다
최고	최근 나오 ᆫ 랩탑 중 에서 ᆫ 가성비 최고 가 아니 ᆯ까 싶 네요
좋	제 업무 가 주로 외부 출장 이 많 은데 가성비 좋 고 생각 보다 무겁 지 않 고 빠릿빠릿 하 아서 너무 만족 하 고 쓰 고 있 습니다 특히 판매자 분 들 께서 예정일 보다 빨리 배송 하 어 주 시 어서 너무 만족 하 ㅂ니다 
만족	제 업무 가 주로 외부 출장 이 많 은데 가성비 좋 고 생각 보다 무겁 지 않 고 빠릿빠릿 하 아서 너무 만족 하 고 쓰 고 있 습니다 특히 판매자 분 들 께서 예정일 보다 빨리 배송 하 어 주 시 어서 너무 만족 하 ㅂ니다 
만족	제 업무 가 주로 외부 출장 이 많 은데 가성비 좋 고 생각 보다 무겁 지 않 고 빠릿빠릿 하 아서 너무 만족 하 고 쓰 고 있 습니다 특히 판매자 분 들 께서 예정일 보다 빨리 배송 하 어 주 시 어서 너무 만족 하 ㅂ니다
좋	업무 나 영상 등 을 보 는 것 에 크게 지장 이 없 고 무엇 보다 이 가격대 에 이 정도 성능 이 면 가성비 가 꽤나 좋 아 보이 ㅂ니다
대비	가볍 ᆫ 노트북 이 필요 하 아서 고르 다보니 마침 레노버 에서 가격 대비 가성비 가 높 은 노트북 이 출시 되 어 구매 하 았 습니다 무엇 보다 가성비 가 좋 고 이 동시 에 도 가볍 어서 사용 하 지 편하 ㅂ니다 성능 은 가볍 ᆫ 문서작업 이나 간단 하 ᆫ 영상 편집 사진 편집 에 도 괘 ㄴ 찬 습니다 램 이나 하드 업그레이드 하 기 에 도 편리 하 아서 만족 하 ㅂ니다 
좋	가볍 ᆫ 노트북 이 필요 하 아서 고르 다보니 마침 레노버 에서 가격 대비 가성비 가 높 은 노트북 이 출시 되 어 구매 하 았 습니다 무엇 보다 가성비 가 좋 고 이 동시 에 도 가볍 어서 사용 하 지 편하 ㅂ니다 성능 은 가볍 ᆫ 문서작업 이나 간단 하 ᆫ 영상 편집 사진 편집 에 도 괘 ㄴ 찬 습니다 램 이나 하드 업그레이드 하 기 에 도 편리 하 아서 만족 하 ㅂ니다 
만족	가볍 ᆫ 노트북 이 필요 하 아서 고르 다보니 마침 레노버 에서 가격 대비 가성비 가 높 은 노트북 이 출시 되 어 구매 하 았 습니다 무엇 보다 가성비 가 좋 고 이 동시 에 도 가볍 어서 사용 하 지 편하 ㅂ니다 성능 은 가볍 ᆫ 문서작업 이나 간단 하 ᆫ 영상 편집 사진 편집 에 도 괘 ㄴ 찬 습니다 램 이나 하드 업그레이드 하 기 에 도 편리 하 아서 만족 하 ㅂ니다
최고	매우 빠르 고 이 가격 에 가성비 최고 에 요
좋	가성비 가 아주 좋 아요
대비	가성비 대비 좋 아요 
좋	가성비 대비 좋 아요
좋	생각 보다 가볍고 작 아서 너무 마음 에 드 ㅂ니다 윈10 설치 중 이 ᆫ데 속도 도 빠르 ᆫ 것 같 네요 가성비 짱짱 짱 광 시야 각 ips 패널 아주 좋 습니다
좋	무게 는 사람 에 따르 아 다르 ᆯ 수 도 있 지만 저 는 적당 하 ᆫ 것 같 습니다 그리고 할인 가 에 사 기 ᆫ 하 았 지만 애초 에 가성비 가 좋 은 제품 인 것 같 아서 맘 에 드 ㅂ니다
최고	5 일 배송 받 아서 바로 윈도우 깔 고 이것저것 실행 하 아 보니 빠릿빠릿 하 게 잘 돌아가 네요이 가격대 가성비 최고 노트북 이 라고 생각 하 ㅂ니다 다만 1
좋	가격대 성능 이 좋 습니다 업무 나 영상 등 을 보 는 것 에 크게 지장 이 없 고 무엇 보다 이 가격대 에 이 정도 성능 이 면 가성비 가 꽤나 좋 아 보이 ㅂ니다 
좋	가격대 성능 이 좋 습니다 업무 나 영상 등 을 보 는 것 에 크게 지장 이 없 고 무엇 보다 이 가격대 에 이 정도 성능 이 면 가성비 가 꽤나 좋 아 보이 ㅂ니다
좋	가성비 좋 은 노트북 설치 때문 에 걱정 을 좀 하 았 는데 생각 보다 어렵 지 않 았 어요 가성비 최고 인 듯 하 어 이 어 삼성 엘지 버리 니 사양 확 오르 고 가격 도 낮아지 고 너무 좋 네요 발열 소음 것 의 없 고 키감 도 좋 고 성능 도 좋 구요 패널 은 예전 에 쓰 던 엘지 놋북 보다 ᆫ 덜하 지만 거슬리 ᆯ 정도 전혀 아니 구요 깨끗 하 고 좋 습니다 제품 전체 적 으로 만족 하 ㅂ니다 그리고 예약판매 일정 보다 좀더 일찍 오 아서 좋 았 어요 아빠 사 아 드리 ᆫ 것 이 ᆫ데 저 도 탐 이나 ㄴ 제품 이 네요 잘 사용 하 겠 습니다 
최고	가성비 좋 은 노트북 설치 때문 에 걱정 을 좀 하 았 는데 생각 보다 어렵 지 않 았 어요 가성비 최고 인 듯 하 어 이 어 삼성 엘지 버리 니 사양 확 오르 고 가격 도 낮아지 고 너무 좋 네요 발열 소음 것 의 없 고 키감 도 좋 고 성능 도 좋 구요 패널 은 예전 에 쓰 던 엘지 놋북 보다 ᆫ 덜하 지만 거슬리 ᆯ 정도 전혀 아니 구요 깨끗 하 고 좋 습니다 제품 전체 적 으로 만족 하 ㅂ니다 그리고 예약판매 일정 보다 좀더 일찍 오 아서 좋 았 어요 아빠 사 아 드리 ᆫ 것 이 ᆫ데 저 도 탐 이나 ㄴ 제품 이 네요 잘 사용 하 겠 습니다 
좋	가성비 좋 은 노트북 설치 때문 에 걱정 을 좀 하 았 는데 생각 보다 어렵 지 않 았 어요 가성비 최고 인 듯 하 어 이 어 삼성 엘지 버리 니 사양 확 오르 고 가격 도 낮아지 고 너무 좋 네요 발열 소음 것 의 없 고 키감 도 좋 고 성능 도 좋 구요 패널 은 예전 에 쓰 던 엘지 놋북 보다 ᆫ 덜하 지만 거슬리 ᆯ 정도 전혀 아니 구요 깨끗 하 고 좋 습니다 제품 전체 적 으로 만족 하 ㅂ니다 그리고 예약판매 일정 보다 좀더 일찍 오 아서 좋 았 어요 아빠 사 아 드리 ᆫ 것 이 ᆫ데 저 도 탐 이나 ㄴ 제품 이 네요 잘 사용 하 겠 습니다 
좋	가성비 좋 은 노트북 설치 때문 에 걱정 을 좀 하 았 는데 생각 보다 어렵 지 않 았 어요 가성비 최고 인 듯 하 어 이 어 삼성 엘지 버리 니 사양 확 오르 고 가격 도 낮아지 고 너무 좋 네요 발열 소음 것 의 없 고 키감 도 좋 고 성능 도 좋 구요 패널 은 예전 에 쓰 던 엘지 놋북 보다 ᆫ 덜하 지만 거슬리 ᆯ 정도 전혀 아니 구요 깨끗 하 고 좋 습니다 제품 전체 적 으로 만족 하 ㅂ니다 그리고 예약판매 일정 보다 좀더 일찍 오 아서 좋 았 어요 아빠 사 아 드리 ᆫ 것 이 ᆫ데 저 도 탐 이나 ㄴ 제품 이 네요 잘 사용 하 겠 습니다 
좋	가성비 좋 은 노트북 설치 때문 에 걱정 을 좀 하 았 는데 생각 보다 어렵 지 않 았 어요 가성비 최고 인 듯 하 어 이 어 삼성 엘지 버리 니 사양 확 오르 고 가격 도 낮아지 고 너무 좋 네요 발열 소음 것 의 없 고 키감 도 좋 고 성능 도 좋 구요 패널 은 예전 에 쓰 던 엘지 놋북 보다 ᆫ 덜하 지만 거슬리 ᆯ 정도 전혀 아니 구요 깨끗 하 고 좋 습니다 제품 전체 적 으로 만족 하 ㅂ니다 그리고 예약판매 일정 보다 좀더 일찍 오 아서 좋 았 어요 아빠 사 아 드리 ᆫ 것 이 ᆫ데 저 도 탐 이나 ㄴ 제품 이 네요 잘 사용 하 겠 습니다 
좋	가성비 좋 은 노트북 설치 때문 에 걱정 을 좀 하 았 는데 생각 보다 어렵 지 않 았 어요 가성비 최고 인 듯 하 어 이 어 삼성 엘지 버리 니 사양 확 오르 고 가격 도 낮아지 고 너무 좋 네요 발열 소음 것 의 없 고 키감 도 좋 고 성능 도 좋 구요 패널 은 예전 에 쓰 던 엘지 놋북 보다 ᆫ 덜하 지만 거슬리 ᆯ 정도 전혀 아니 구요 깨끗 하 고 좋 습니다 제품 전체 적 으로 만족 하 ㅂ니다 그리고 예약판매 일정 보다 좀더 일찍 오 아서 좋 았 어요 아빠 사 아 드리 ᆫ 것 이 ᆫ데 저 도 탐 이나 ㄴ 제품 이 네요 잘 사용 하 겠 습니다 
만족	가성비 좋 은 노트북 설치 때문 에 걱정 을 좀 하 았 는데 생각 보다 어렵 지 않 았 어요 가성비 최고 인 듯 하 어 이 어 삼성 엘지 버리 니 사양 확 오르 고 가격 도 낮아지 고 너무 좋 네요 발열 소음 것 의 없 고 키감 도 좋 고 성능 도 좋 구요 패널 은 예전 에 쓰 던 엘지 놋북 보다 ᆫ 덜하 지만 거슬리 ᆯ 정도 전혀 아니 구요 깨끗 하 고 좋 습니다 제품 전체 적 으로 만족 하 ㅂ니다 그리고 예약판매 일정 보다 좀더 일찍 오 아서 좋 았 어요 아빠 사 아 드리 ᆫ 것 이 ᆫ데 저 도 탐 이나 ㄴ 제품 이 네요 잘 사용 하 겠 습니다 
좋	가성비 좋 은 노트북 설치 때문 에 걱정 을 좀 하 았 는데 생각 보다 어렵 지 않 았 어요 가성비 최고 인 듯 하 어 이 어 삼성 엘지 버리 니 사양 확 오르 고 가격 도 낮아지 고 너무 좋 네요 발열 소음 것 의 없 고 키감 도 좋 고 성능 도 좋 구요 패널 은 예전 에 쓰 던 엘지 놋북 보다 ᆫ 덜하 지만 거슬리 ᆯ 정도 전혀 아니 구요 깨끗 하 고 좋 습니다 제품 전체 적 으로 만족 하 ㅂ니다 그리고 예약판매 일정 보다 좀더 일찍 오 아서 좋 았 어요 아빠 사 아 드리 ᆫ 것 이 ᆫ데 저 도 탐 이나 ㄴ 제품 이 네요 잘 사용 하 겠 습니다
최고	최근 나오 ᆫ 랩탑 중 에서 ᆫ 가성비 최고 가 아니 ᆯ까 싶 네요
좋	가성비 가 매우 좋 아요 이 40 만 원 대 의 가격 으로 라 이제 ᆫ 5 를 만나 ᆯ 수 있 는 것 는 축복 이 네요
만족	가격 성능 만족 하 ㅂ니다 가볍 ᆫ 노트북 이 필요 하 아서 고르 다보니 마침 레노버 에서 가격 대비 가성비 가 높 은 노트북 이 출시 되 어 구매 하 았 습니다 무엇 보다 가성비 가 좋 고 이 동시 에 도 가볍 어서 사용 하 지 편하 ㅂ니다 성능 은 가볍 ᆫ 문서작업 이나 간단 하 ᆫ 영상 편집 사진 편집 에 도 괘 ㄴ 찬 습니다 램 이나 하드 업그레이드 하 기 에 도 편리 하 아서 만족 하 ㅂ니다 
대비	가격 성능 만족 하 ㅂ니다 가볍 ᆫ 노트북 이 필요 하 아서 고르 다보니 마침 레노버 에서 가격 대비 가성비 가 높 은 노트북 이 출시 되 어 구매 하 았 습니다 무엇 보다 가성비 가 좋 고 이 동시 에 도 가볍 어서 사용 하 지 편하 ㅂ니다 성능 은 가볍 ᆫ 문서작업 이나 간단 하 ᆫ 영상 편집 사진 편집 에 도 괘 ㄴ 찬 습니다 램 이나 하드 업그레이드 하 기 에 도 편리 하 아서 만족 하 ㅂ니다 
좋	가격 성능 만족 하 ㅂ니다 가볍 ᆫ 노트북 이 필요 하 아서 고르 다보니 마침 레노버 에서 가격 대비 가성비 가 높 은 노트북 이 출시 되 어 구매 하 았 습니다 무엇 보다 가성비 가 좋 고 이 동시 에 도 가볍 어서 사용 하 지 편하 ㅂ니다 성능 은 가볍 ᆫ 문서작업 이나 간단 하 ᆫ 영상 편집 사진 편집 에 도 괘 ㄴ 찬 습니다 램 이나 하드 업그레이드 하 기 에 도 편리 하 아서 만족 하 ㅂ니다 
만족	가격 성능 만족 하 ㅂ니다 가볍 ᆫ 노트북 이 필요 하 아서 고르 다보니 마침 레노버 에서 가격 대비 가성비 가 높 은 노트북 이 출시 되 어 구매 하 았 습니다 무엇 보다 가성비 가 좋 고 이 동시 에 도 가볍 어서 사용 하 지 편하 ㅂ니다 성능 은 가볍 ᆫ 문서작업 이나 간단 하 ᆫ 영상 편집 사진 편집 에 도 괘 ㄴ 찬 습니다 램 이나 하드 업그레이드 하 기 에 도 편리 하 아서 만족 하 ㅂ니다
만족	만족 하 고 너무 잘 쓰 고 있 습니다 제 업무 가 주로 외부 출장 이 많 은데 가성비 좋 고 생각 보다 무겁 지 않 고 빠릿빠릿 하 아서 너무 만족 하 고 쓰 고 있 습니다 특히 판매자 분 들 께서 예정일 보다 빨리 배송 하 어 주 시 어서 너무 만족 하 ㅂ니다 
좋	만족 하 고 너무 잘 쓰 고 있 습니다 제 업무 가 주로 외부 출장 이 많 은데 가성비 좋 고 생각 보다 무겁 지 않 고 빠릿빠릿 하 아서 너무 만족 하 고 쓰 고 있 습니다 특히 판매자 분 들 께서 예정일 보다 빨리 배송 하 어 주 시 어서 너무 만족 하 ㅂ니다 
만족	만족 하 고 너무 잘 쓰 고 있 습니다 제 업무 가 주로 외부 출장 이 많 은데 가성비 좋 고 생각 보다 무겁 지 않 고 빠릿빠릿 하 아서 너무 만족 하 고 쓰 고 있 습니다 특히 판매자 분 들 께서 예정일 보다 빨리 배송 하 어 주 시 어서 너무 만족 하 ㅂ니다 
만족	만족 하 고 너무 잘 쓰 고 있 습니다 제 업무 가 주로 외부 출장 이 많 은데 가성비 좋 고 생각 보다 무겁 지 않 고 빠릿빠릿 하 아서 너무 만족 하 고 쓰 고 있 습니다 특히 판매자 분 들 께서 예정일 보다 빨리 배송 하 어 주 시 어서 너무 만족 하 ㅂ니다
좋	처음 에 당황 스럽 지만 일자 드라이버 로 살살 풀 면 되 ㅂ니다 속도 좋 고 디자인 평범 성능 가성비 좋 구요 ssd 추가 자 가 설치 램 추가 자가 설치 기존 128 로 운영체제 잡 고 드라이버 설치 는 인터넷 보 시 고 천천히 하 십 금방 되 네요 
좋	처음 에 당황 스럽 지만 일자 드라이버 로 살살 풀 면 되 ㅂ니다 속도 좋 고 디자인 평범 성능 가성비 좋 구요 ssd 추가 자 가 설치 램 추가 자가 설치 기존 128 로 운영체제 잡 고 드라이버 설치 는 인터넷 보 시 고 천천히 하 십 금방 되 네요
최고	이 가격 에 인텔 로 국내 기업 제품 은 가격 이 약 3 배 이기 때문 에 가성비 면 에서 ᆫ 는 최고 이 이 ㅂ니다
최고	이만한 가격 에 가성비 최고 이 ㅂ니다 특히 백라이트 있 어서 저녁 에 침대 에서 작업 하 지 좋 습니다 추천 하 ㅂ니다 
좋	이만한 가격 에 가성비 최고 이 ㅂ니다 특히 백라이트 있 어서 저녁 에 침대 에서 작업 하 지 좋 습니다 추천 하 ㅂ니다 
추천	이만한 가격 에 가성비 최고 이 ㅂ니다 특히 백라이트 있 어서 저녁 에 침대 에서 작업 하 지 좋 습니다 추천 하 ㅂ니다
최고	가성비 최고 네 요
좋	싸게 잘살 ㄴ 것 같 아요 아직 세팅 중 이 지만 가성비 는 좋 네요
좋	가격 을 생각 하 면 가성비 좋 은 제품 인 것 같 아요
좋	가성비 짱 이 네요 여러 가지 로 쓰임 이 좋 습니다
최고	결론 적 으로 가성비 최고 이 ᄆ
최고	사용 하 ᆫ지 하루 밖에 안 되 었 지만 가성비 최고 이 ㅁ 을 느끼 ㅂ니다
좋	윈도우 도 금새 깔리 고 부팅 도 빠르 고 가성비 가 너무 좋 아요
좋	엘지 그램 과 고민 하 다 가성비 가 넘 좋 아서 구매 하 았 습니다
좋	AMD CPU 사용 노트북 이 가성비 가 좋 다고 하 아서 이벤트 하 ᆯ 때 저렴 하 게 구매 하 았 는데 성능도 괜찮 고 만족스럽 습니다 
괜찮	AMD CPU 사용 노트북 이 가성비 가 좋 다고 하 아서 이벤트 하 ᆯ 때 저렴 하 게 구매 하 았 는데 성능도 괜찮 고 만족스럽 습니다
최고	가성비 정말 최고 에 요
최고	정말 최고 의 가성비 이 ㅂ니다
최고	최고 로 성능 좋 은 노트북 이 라기 보 다는 이 가격 에 이 정도 의 성능 과 가성비 를 보여주 는 노트북 은 없 을 것 같 습니다 
좋	최고 로 성능 좋 은 노트북 이 라기 보 다는 이 가격 에 이 정도 의 성능 과 가성비 를 보여주 는 노트북 은 없 을 것 같 습니다
좋	속도 좋 고 디자인 평범 성능 가성비 좋 구요 
좋	속도 좋 고 디자인 평범 성능 가성비 좋 구요
최고	믿 고 쓰 는 최강 가성비 레노버 s 340 - 14 api 노트북 정말 최고 의 가성비 이 ㅂ니다
최고	가성비 최고 이 가격 에 이 정도 제품 이 라니
최고	최고 로 성능 좋 은 노트북 이 라기 보 다는 이 가격 에 이 정도 의 성능 과 가성비 를 보여주 는 노트북 은 
좋	최고 로 성능 좋 은 노트북 이 라기 보 다는 이 가격 에 이 정도 의 성능 과 가성비 를 보여주 는 노트북 은
좋	AMD CPU 사용 노트북 이 가성비 가 좋 다고 하 아서
좋	엘지 그램 과 고민 하 다 가성비 가 넘 좋 아서 구매 하 았 습니다
최고	가성비 정말 최고 에 요
만족	가성비 만족 이 ㅂ니다 빅스마일데이 에 램 4기가 추가 하 아서 구매 하 았 습니다
만족	만족 스럽 ᆫ 노트북 새로 구입 하 았 는데 좋 았 습니다 가성비 는 최고 이 죠 
좋	만족 스럽 ᆫ 노트북 새로 구입 하 았 는데 좋 았 습니다 가성비 는 최고 이 죠 
최고	만족 스럽 ᆫ 노트북 새로 구입 하 았 는데 좋 았 습니다 가성비 는 최고 이 죠
만족	그래도 가성비 가 좋은 것 같 아 만족 하 ㅂ니다
좋	레노버 S 340 - 14 API 가성비 좋 게 산 것 같 습니다
좋	가성비 는 참 좋 은 것 같 아요
좋	좋 은 제품 을 가성비 짱 으로 구입 하 게 되 어 좋은 것 같 습니다
최고	잘 사 았 네 잘 사 았 네 가성비 최고 이쁘 기 까지
만족	그래도 가성비 가 좋은 것 같 아 만족 하 ㅂ니다
최고	가성비 최고 네 요
좋	가성비 좋 습니다 만족 스럽 ᆫ 노트북 
만족	가성비 좋 습니다 만족 스럽 ᆫ 노트북
최고	가성비 는 최고 이 죠
좋	레노버 아이디어패드 레노버 S 340 - 14 API 가성비 좋 게 산 것 같 습니다
좋	너무 좋 습니다 이쁘 고 빠르 고 가성비 짱짱 잘 사용 하 겠 습니다 이쁘 고 빠르 어요
대비	가격 대비 가성비 이 라는 말 을 이렇 ᆯ 때 쓰 는 것 하 겠 죠
최고	가성비 최고 이 ㅂ니다
좋	가성비 좋 은 레노버 라 이제 ᆫ 노트북
좋	가성비 좋 습니다
좋	가성비 좋 은 제품 이 ㅂ니다
최고	최고 뭐 알 시 겠 지만 가성비 최고 
최고	최고 뭐 알 시 겠 지만 가성비 최고
좋	가성비 좋 아요 성능 , 마감 , 화면 , 키패드 느낌 어느 하나 빠지 는게 없 네요 이만한 가격 에 이 정도 성능 이 면 가성비 정말 좋 네요 좋은기회 에 구입 하 게 되 어 정말 좋 습니다 구매 고민 하 는 분 들 은 망설이 지 말 고 적극 추천 하 ㅂ니다 
좋	가성비 좋 아요 성능 , 마감 , 화면 , 키패드 느낌 어느 하나 빠지 는게 없 네요 이만한 가격 에 이 정도 성능 이 면 가성비 정말 좋 네요 좋은기회 에 구입 하 게 되 어 정말 좋 습니다 구매 고민 하 는 분 들 은 망설이 지 말 고 적극 추천 하 ㅂ니다 
좋	가성비 좋 아요 성능 , 마감 , 화면 , 키패드 느낌 어느 하나 빠지 는게 없 네요 이만한 가격 에 이 정도 성능 이 면 가성비 정말 좋 네요 좋은기회 에 구입 하 게 되 어 정말 좋 습니다 구매 고민 하 는 분 들 은 망설이 지 말 고 적극 추천 하 ㅂ니다 
추천	가성비 좋 아요 성능 , 마감 , 화면 , 키패드 느낌 어느 하나 빠지 는게 없 네요 이만한 가격 에 이 정도 성능 이 면 가성비 정말 좋 네요 좋은기회 에 구입 하 게 되 어 정말 좋 습니다 구매 고민 하 는 분 들 은 망설이 지 말 고 적극 추천 하 ㅂ니다
좋	성능 , 마감 , 화면 , 키패드 느낌 어느 하나 빠지 는게 없 네요 이만한 가격 에 이 정도 성능 이 면 가성비 정말 좋 네요 좋은기회 에 구입 하 게 되 어 정말 좋 습니다 구매 고민 하 는 분 들 은 망설이 지 말 고 적극 추천 하 ㅂ니다 
좋	성능 , 마감 , 화면 , 키패드 느낌 어느 하나 빠지 는게 없 네요 이만한 가격 에 이 정도 성능 이 면 가성비 정말 좋 네요 좋은기회 에 구입 하 게 되 어 정말 좋 습니다 구매 고민 하 는 분 들 은 망설이 지 말 고 적극 추천 하 ㅂ니다 
추천	성능 , 마감 , 화면 , 키패드 느낌 어느 하나 빠지 는게 없 네요 이만한 가격 에 이 정도 성능 이 면 가성비 정말 좋 네요 좋은기회 에 구입 하 게 되 어 정말 좋 습니다 구매 고민 하 는 분 들 은 망설이 지 말 고 적극 추천 하 ㅂ니다
좋	양품 받 았 고 가성비 아주 좋 습니다 이 정도 사양 에 이 가격 나오 니 굉장히 만족스럽 네요 화 이 면 , 소리 , 성능 만족 하 고 , 블루 색상 예쁘 ㅂ니다 ssd 나 램 본인 이 직접 추가 장착 하 시 ᆯ 분 은 별 나사 이 기 때문 에 t 5 드라이버 필요 하 ㅂ니다 
만족	양품 받 았 고 가성비 아주 좋 습니다 이 정도 사양 에 이 가격 나오 니 굉장히 만족스럽 네요 화 이 면 , 소리 , 성능 만족 하 고 , 블루 색상 예쁘 ㅂ니다 ssd 나 램 본인 이 직접 추가 장착 하 시 ᆯ 분 은 별 나사 이 기 때문 에 t 5 드라이버 필요 하 ㅂ니다
최고	가성비 최고 의 노트북 같 습니다
최고	가성비 최고 이 ㅂ니다
좋	좋 은 가격 에 잘살 ㅅ네 요 이 금액 에 나오 ᆯ 수 없 는 가성비 뛰어나 ᆫ 제품 이 ㅂ니다
최고	가성비 최고 의 제품 잘 구매 하 았 습니다
좋	가성비 갑 of 갑 레노버 노트북 기존 의 노트북 이 너무 오래되 고 느리 어서 새롭 ᆫ 노트북 을 구매 하 ᆯ까 고민 하 다가 저렴 하 ᆫ 가격대 의 사양 이 좋 은 노트북 을 구매 하 고자 레노버 노트북 으로 구매 하 았 습니다
대비	그래픽 은 좀 떨어지 는데 성능 은 가성비 대비 최고 이 이 ㅂ니다 180 중 로 화면 이 펴지 ㅂ니다 
최고	그래픽 은 좀 떨어지 는데 성능 은 가성비 대비 최고 이 이 ㅂ니다 180 중 로 화면 이 펴지 ㅂ니다
좋	가성비 가 좋 다
좋	가성비 너무 좋 아요
추천	가성비 노트북 을 찾 는다면 추천 하 아 주 고 싶 네요
최고	가성비 측면 에서 는 최고 인 것 같 아요 블루 이 ᆫ데 지문 이 좀 잘 남기 ᆫ 하 는데 그래도 마 감도 괜찮 고 잘 쓰 ᆯ께요 
괜찮	가성비 측면 에서 는 최고 인 것 같 아요 블루 이 ᆫ데 지문 이 좀 잘 남기 ᆫ 하 는데 그래도 마 감도 괜찮 고 잘 쓰 ᆯ께요
최고	그리고 아직 os 설치전 이 지만 가성비 최고 의 제품 이 라 생각 하 ㅂ니다
좋	이 정도 가성비 이 면 좋 기 ᆫ 좋 습니다 
좋	이 정도 가성비 이 면 좋 기 ᆫ 좋 습니다
좋	선물 용 으로 가성비 가 좋 아 보이 어 구매 하 았 습니다 하 자 없 는 깔끔 하 ᆫ 제품 으로 오 아서 좋 고 예정일 보다 엄청 일찍 받 았 습니다 
좋	선물 용 으로 가성비 가 좋 아 보이 어 구매 하 았 습니다 하 자 없 는 깔끔 하 ᆫ 제품 으로 오 아서 좋 고 예정일 보다 엄청 일찍 받 았 습니다
추천	결론 부터 말씀드리 자면 , 이 노트북 은 다른 모든 단점 을 가성비 하나 로 씹 어 먹 어 버리 는 , 사무용 / 인강 용 으로 는 적극 추천 하 는 노트북 이 ㅂ니다
훌륭	너무 훌륭 하 ᆫ 가성비 노트북 적어도 3 년 은 쓰 었 으면 좋 겠 습니다 
좋	너무 훌륭 하 ᆫ 가성비 노트북 적어도 3 년 은 쓰 었 으면 좋 겠 습니다
최고	가성비 최고 인 듯
좋	기존 330 s 유저 이 ᆫ데요 빅스마일데이 에 저렴 하 게 나오 아서 구입 하 았 어요 레노버 가 가성비 는 제일 좋 은 것 같 네요 아주 만족 하 ㅂ니다 
만족	기존 330 s 유저 이 ᆫ데요 빅스마일데이 에 저렴 하 게 나오 아서 구입 하 았 어요 레노버 가 가성비 는 제일 좋 은 것 같 네요 아주 만족 하 ㅂ니다
좋	가성비 가 매우 좋 고 4
좋	이 정도 가성비 이 면 좋 기 ᆫ 좋 습니다 
좋	이 정도 가성비 이 면 좋 기 ᆫ 좋 습니다
좋	더블 더블 업 이벤트 로 구매 하 았 는데 원래 예정 날짜 보다 는 늦 게 오 았 지만 제품 자체 는 좋 네요 가성비 측면 에서 는 최고 인 것 같 아요 블루 이 ᆫ데 지문 이 좀 잘 남기 ᆫ 하 는데 그래도 마 감도 괜찮 고 잘 쓰 ᆯ께요 
최고	더블 더블 업 이벤트 로 구매 하 았 는데 원래 예정 날짜 보다 는 늦 게 오 았 지만 제품 자체 는 좋 네요 가성비 측면 에서 는 최고 인 것 같 아요 블루 이 ᆫ데 지문 이 좀 잘 남기 ᆫ 하 는데 그래도 마 감도 괜찮 고 잘 쓰 ᆯ께요 
괜찮	더블 더블 업 이벤트 로 구매 하 았 는데 원래 예정 날짜 보다 는 늦 게 오 았 지만 제품 자체 는 좋 네요 가성비 측면 에서 는 최고 인 것 같 아요 블루 이 ᆫ데 지문 이 좀 잘 남기 ᆫ 하 는데 그래도 마 감도 괜찮 고 잘 쓰 ᆯ께요
좋	아무래도 레노 바 가 국내 인지도 가 낮 다보니 , 가성비 가 좋 은 것 이 ᆯ 알 면서 도 구매 가 망설이 어 지 ᆫ 게 사실 이 ᆫ데 , 받 고 확인 하 아 보 니 잘 사 았 다는 생각 밖 에 는 안 들 네요
최고	가성비 최고 이 ㅂ니다
좋	아무래도 레노 바 가 국내 인지도 가 낮 다보니 , 가성비 가 좋 은 것 이 ᆯ 알 면서 도 구매 가 망설이 어 지 ᆫ 게 사실 이 ᆫ데 , 받 고 확인 하 아 보 니 잘 사 았 다는 생각 밖 에 는 안 들 네요
좋	가성비 노트북 좋 네요
좋	제품 은 만듦새 도 좋 고 가성비 로 아주 괜찮 습니다 
괜찮	제품 은 만듦새 도 좋 고 가성비 로 아주 괜찮 습니다
괜찮	단순 용도 로 쓰 려고 하 았 는데 그래도 내장 그래픽 이 좀 괜찮 은 라 이제 ᆫ 노트북 찾 았 는데 2 세대 신 제품 에 IPS 패널 인 이 제품 이 가성비 가 탁월 하 더군요 
탁월	단순 용도 로 쓰 려고 하 았 는데 그래도 내장 그래픽 이 좀 괜찮 은 라 이제 ᆫ 노트북 찾 았 는데 2 세대 신 제품 에 IPS 패널 인 이 제품 이 가성비 가 탁월 하 더군요
좋	어디 까지 나 저가 라인 에서 의 가성비 모델 이 라는 점 을 염두 하 아 두 고 읽 어 보 시 었 으면 좋 겠 습니다
괜찮	한정 되 ᆫ 예산 으로 가성비 노트북 을 찾 고 계시 ᆫ 분 들 에게 정말 괜찮 은 모델 이 ㅂ니다
좋	성능 : 매우 좋 음 가격 : 가성비 최고 외관 : 매우 고급 집 이 니다 확장성 도 좋 구요 
최고	성능 : 매우 좋 음 가격 : 가성비 최고 외관 : 매우 고급 집 이 니다 확장성 도 좋 구요 
좋	성능 : 매우 좋 음 가격 : 가성비 최고 외관 : 매우 고급 집 이 니다 확장성 도 좋 구요
좋	이번 지마켓 이벤트 덕분 에 더더욱 저렴 하 게 구입 하 ᆯ 수 있 어서 가성비 는 더욱 좋 았 습니다
좋	가성비 가 아주 좋 습니다
최고	가성비 최고 의 상품 이 ㅂ니다
좋	어디 까지 나 저가 라인 에서 의 가성비 모델 이 라는 점 을 염두 하 아 두 고 읽 어 보 시 었 으면 좋 겠 습니다
괜찮	한정 되 ᆫ 예산 으로 가성비 노트북 을 찾 고 계시 ᆫ 분 들 에게 정말 괜찮 은 모델 이 ㅂ니다
괜찮	단순 용도 로 쓰 려고 하 았 는데 그래도 내장 그래픽 이 좀 괜찮 은 라 이제 ᆫ 노트북 찾 았 는데 2 세대 신 제품 에 IPS 패널 인 이 제품 이 가성비 가 탁월 하 더군요 
탁월	단순 용도 로 쓰 려고 하 았 는데 그래도 내장 그래픽 이 좀 괜찮 은 라 이제 ᆫ 노트북 찾 았 는데 2 세대 신 제품 에 IPS 패널 인 이 제품 이 가성비 가 탁월 하 더군요
최고	가성비 최고 네 요 이 가격 이 이 정도 디자인 성능 무게 찾 기 힘 들 것 같 아요
좋	가성비 좋 습 미 다
좋	가성비 는 좋 습니다
좋	가성비 는 좋 습니다
만족	가성비 ips 패널 찾 다가 더블 이벤트 로 구매 만족 하 ㅂ니다
좋	가성비 정말 좋 네요 가볍고 저 는 메모리 를 직접 16 G 달 이 고 nvme ssd 256 을 더 달 아서 정말 부족 하 ᄆ 이 ᆫ 없 네요
최고	가성비 최고 이 ㅂ니다
최고	가성비 는 최고 이 ㅂ니다
괜찮	레노 보 제품 이 이렇게 마감 이 괜찮 을 줄 은 생각 도 못하 았 네요 노트북 성능도 좋 고 가성비 가 좋 아서 구매 하 았 는데 , 제품 마감 과 퀄리티 가 가격 대비 높 습니다 
좋	레노 보 제품 이 이렇게 마감 이 괜찮 을 줄 은 생각 도 못하 았 네요 노트북 성능도 좋 고 가성비 가 좋 아서 구매 하 았 는데 , 제품 마감 과 퀄리티 가 가격 대비 높 습니다 
좋	레노 보 제품 이 이렇게 마감 이 괜찮 을 줄 은 생각 도 못하 았 네요 노트북 성능도 좋 고 가성비 가 좋 아서 구매 하 았 는데 , 제품 마감 과 퀄리티 가 가격 대비 높 습니다 
대비	레노 보 제품 이 이렇게 마감 이 괜찮 을 줄 은 생각 도 못하 았 네요 노트북 성능도 좋 고 가성비 가 좋 아서 구매 하 았 는데 , 제품 마감 과 퀄리티 가 가격 대비 높 습니다
최고	레노버 가성비 는 최고 인 듯 하 ㅂ니다
최고	가성비 는 최고 이 며 , 마감 상태 도 양호 하 ㅂ니다
최고	가성비 는 최고 이 며 , 마감 상태 도 양호 하 ㅂ니다
최고	가성비 최고 와 뛰어나 ᆫ 품질
좋	노트북 성능도 좋 고 가성비 가 좋 아서 구매 하 았 는데 , 
좋	노트북 성능도 좋 고 가성비 가 좋 아서 구매 하 았 는데 ,
최고	레노버 가성비 는 최고 인 듯 하 ㅂ니다
최고	윈도우 깔 고 와이파이 도 자동 으로 잡 아 주 어서 쉽 게 설치 하 았 네요 가성비 는 최고 이 라 생각 하 ㅂ니다
좋	이미 주문 하 기 전 에 가성비 가 좋 다고 느끼 어서 구매 하 ᆫ 것 이 ᆫ데 실제로 받 아 보 니 가성비 는 물론 이 고 마 감도 가격대 에 비하 아서 훌륭 하 네요 
훌륭	이미 주문 하 기 전 에 가성비 가 좋 다고 느끼 어서 구매 하 ᆫ 것 이 ᆫ데 실제로 받 아 보 니 가성비 는 물론 이 고 마 감도 가격대 에 비하 아서 훌륭 하 네요
훌륭	너무 가성비 훌륭 하 고 제품 도 좋 습니다 
좋	너무 가성비 훌륭 하 고 제품 도 좋 습니다
좋	가성비 좋 네요 배송 도 예정 보다 빨리 오 았 어요
최고	액정 도 IPS 정말 최고 의 가성비 이 ㅂ니다
훌륭	이 제품 은 안 살 ᆯ 수 가 없 었 네요 ㅠ 너무 가성비 훌륭 하 고 제품 도 좋 습니다 
좋	이 제품 은 안 살 ᆯ 수 가 없 었 네요 ㅠ 너무 가성비 훌륭 하 고 제품 도 좋 습니다
최고	배송 예약 배송 이 라 느리 다고 하 시 었 는데 빨리 왓 당황 스럽 었 구요 최고 의 가성비 인정 하 고 있 습니다 그런데 블루 시키 었 는데 실버 온건 실망스럽 네요 좋 은 물건 팔 아 주 시 어서 감사합니다 
좋	배송 예약 배송 이 라 느리 다고 하 시 었 는데 빨리 왓 당황 스럽 었 구요 최고 의 가성비 인정 하 고 있 습니다 그런데 블루 시키 었 는데 실버 온건 실망스럽 네요 좋 은 물건 팔 아 주 시 어서 감사합니다
추천	가성비 짱짱 노트북 s 340 14 api 추천 하 ㅂ니다 ㅅ
좋	이미 주문 하 기 전 에 가성비 가 좋 다고 느끼 어서 구매 하 ᆫ 것 이 ᆫ데 실제로 받 아 보 니 가성비 는 물론 이 고 마 감도 가격대 에 비하 아서 훌륭 하 네요 
훌륭	이미 주문 하 기 전 에 가성비 가 좋 다고 느끼 어서 구매 하 ᆫ 것 이 ᆫ데 실제로 받 아 보 니 가성비 는 물론 이 고 마 감도 가격대 에 비하 아서 훌륭 하 네요
만족	성능 은 만족 하 ㅂ니다 가성비 아주 좋 아요 
좋	성능 은 만족 하 ㅂ니다 가성비 아주 좋 아요
좋	서비스 는 한번 생각 하 아 보 아야 하 지만 가성비 는 좋 아요
좋	가볍고 깔끔 하 네요 가성비 좋 아요 받 자마자 가지 고 있 던 m 2 ssd 설치 하 려고 뒤 판 까 아 보 았 는데 깨끗 하 네요
좋	딱 맘 에 드 ㅂ니다 출장 용 으로 작 은 노트북 을 찾 다가 가성비 가 좋 아 보이 어 구매 하 았 는데 , 오늘 윈도우 를 설치 하 고 이것저것 실행 하 아 보 니 소음 도 적 고 , 인터넷 도 빠리 ㅅ 하니 마음 에 드 ㅂ니다
만족	상판 이 휘어지 어서 오 아서 불량 판정 받 을 려니 지방 이 다보니 너무 힘 이 어 들 네요 성능 은 만족 하 ㅂ니다 가성비 아주 좋 아요 서비스 는 한번 생각 하 아 보 아야 하 지만 가성비 는 좋 아 요 마감 이 불만 이 지만 불량 판정 않 받 고 그냥 쓰 기 로 ㅆ 는데 는 이상 없 으니 뭐 참 고 쓸 렵니다 많이 파 시 어요 
좋	상판 이 휘어지 어서 오 아서 불량 판정 받 을 려니 지방 이 다보니 너무 힘 이 어 들 네요 성능 은 만족 하 ㅂ니다 가성비 아주 좋 아요 서비스 는 한번 생각 하 아 보 아야 하 지만 가성비 는 좋 아 요 마감 이 불만 이 지만 불량 판정 않 받 고 그냥 쓰 기 로 ㅆ 는데 는 이상 없 으니 뭐 참 고 쓸 렵니다 많이 파 시 어요 
좋	상판 이 휘어지 어서 오 아서 불량 판정 받 을 려니 지방 이 다보니 너무 힘 이 어 들 네요 성능 은 만족 하 ㅂ니다 가성비 아주 좋 아요 서비스 는 한번 생각 하 아 보 아야 하 지만 가성비 는 좋 아 요 마감 이 불만 이 지만 불량 판정 않 받 고 그냥 쓰 기 로 ㅆ 는데 는 이상 없 으니 뭐 참 고 쓸 렵니다 많이 파 시 어요
최고	최고 의 가성비 노트북 레노버 는 처음 구매 히 는데 마무리 도 괜찮 고 성능 도 아주 좋 습니다 
괜찮	최고 의 가성비 노트북 레노버 는 처음 구매 히 는데 마무리 도 괜찮 고 성능 도 아주 좋 습니다 
좋	최고 의 가성비 노트북 레노버 는 처음 구매 히 는데 마무리 도 괜찮 고 성능 도 아주 좋 습니다
좋	가성비 좋 은 노트북 이 ㅂ니다
최고	가성비 로 최고 이 ㅂ니다
좋	좀더 쓰 어 보 아야 알 겠 지만 너무 가성비 좋 게 잘 사 았 습니다 소음 도 제 기준 에서 는 크 다고 느껴지 지 는 않 습니다
최고	가성비 최고 에 요
최고	가성비 로 최고 이 ㅂ니다 40 만 초반 대로 이런 성능 놋북 구 하 지 힘들 어요 강 추 하 ㅂ니다
좋	출장 용 으로 작 은 노트북 을 찾 다가 가성비 가 좋 아 보이 어 구매 하 았 는데 , 오늘 윈도우 를 설치 하 고 이것저것 실행 하 아 보 니 소음 도 적 고 , 인터넷 도 빠리 ㅅ 하니 마음 에 드 ㅂ니다
최고	가성비 로 는 최고 인 듯 하 ㅂ니다
좋	가성비 좋 은 노트북 이 ㅂ니다 몇 주 동안 알아보 다가 이것 구매 하 았 습니다 50 만 원 이 하 에 이 정도 만하 ᆫ 성능 찾 기 힘들 ㅂ니다 더블 업 이벤트 까지 받 았 습니다 GOOD
좋	가성비 좋 습니다
최고	가성비 최고 ㅂ니다
최고	포트 도 여러 개 이 고 암튼 가성비 최고 네 요
좋	이 가격대 노트북 중 에 가장 가성비 가 좋 은 것 같 네요
괜찮	팬 소음 도 거슬리 ᆯ 정도 로 크 지 않 고 디자인 도 마음 에 들 어요 더블 더블 업 업데이트 하 아서 240 램 8 기가 도 제대로 장착 되 어서 오 았 고 요 윈도우 깔 는 것 에 도 불편 하 ᄆ 없 었 고 괜찮 네요 그리고 뽑 기 운 이 좋 은 것 이 ᆫ지 가볍 ᆫ 스크래치 하나 없 었 어 요크 기가 작 다는 생각 은 그닥 안 들 이 어요 무선랜 연결 속도 가 다소 느리 다는 평 이 많 던데 아직 은 느끼 지 못하 았 습니다 발열 도 이 정도 이 면 무난 하 ᆫ 것 같 고 요 이 가격대 노트북 중 에 가장 가성비 가 좋 은 것 같 네요 업데이트 감사합니다 
좋	팬 소음 도 거슬리 ᆯ 정도 로 크 지 않 고 디자인 도 마음 에 들 어요 더블 더블 업 업데이트 하 아서 240 램 8 기가 도 제대로 장착 되 어서 오 았 고 요 윈도우 깔 는 것 에 도 불편 하 ᄆ 없 었 고 괜찮 네요 그리고 뽑 기 운 이 좋 은 것 이 ᆫ지 가볍 ᆫ 스크래치 하나 없 었 어 요크 기가 작 다는 생각 은 그닥 안 들 이 어요 무선랜 연결 속도 가 다소 느리 다는 평 이 많 던데 아직 은 느끼 지 못하 았 습니다 발열 도 이 정도 이 면 무난 하 ᆫ 것 같 고 요 이 가격대 노트북 중 에 가장 가성비 가 좋 은 것 같 네요 업데이트 감사합니다 
좋	팬 소음 도 거슬리 ᆯ 정도 로 크 지 않 고 디자인 도 마음 에 들 어요 더블 더블 업 업데이트 하 아서 240 램 8 기가 도 제대로 장착 되 어서 오 았 고 요 윈도우 깔 는 것 에 도 불편 하 ᄆ 없 었 고 괜찮 네요 그리고 뽑 기 운 이 좋 은 것 이 ᆫ지 가볍 ᆫ 스크래치 하나 없 었 어 요크 기가 작 다는 생각 은 그닥 안 들 이 어요 무선랜 연결 속도 가 다소 느리 다는 평 이 많 던데 아직 은 느끼 지 못하 았 습니다 발열 도 이 정도 이 면 무난 하 ᆫ 것 같 고 요 이 가격대 노트북 중 에 가장 가성비 가 좋 은 것 같 네요 업데이트 감사합니다
좋	성능 외관 품질 모두 좋 습니다 이 가격 에 이 정도 노트북 을 살수 있 다는 것 이 ᆯ 보 면 역시 21 세기 아니 ᆯ까 하 ㅂ니다 좋 습니다 좋 아 이 어 고민 하 ᆯ 필요 는 없 구요 매진 되 기 전 에 얼렁 사 시 어요이 가성비 절대 안 나오 ㅂ니다 
좋	성능 외관 품질 모두 좋 습니다 이 가격 에 이 정도 노트북 을 살수 있 다는 것 이 ᆯ 보 면 역시 21 세기 아니 ᆯ까 하 ㅂ니다 좋 습니다 좋 아 이 어 고민 하 ᆯ 필요 는 없 구요 매진 되 기 전 에 얼렁 사 시 어요이 가성비 절대 안 나오 ㅂ니다 
좋	성능 외관 품질 모두 좋 습니다 이 가격 에 이 정도 노트북 을 살수 있 다는 것 이 ᆯ 보 면 역시 21 세기 아니 ᆯ까 하 ㅂ니다 좋 습니다 좋 아 이 어 고민 하 ᆯ 필요 는 없 구요 매진 되 기 전 에 얼렁 사 시 어요이 가성비 절대 안 나오 ㅂ니다
최고	가성비 최고 가성비 보고 결정 하 았 습니다
좋	값싸 고 가성비 너무 좋 아요
최고	올해 가성비 최고 의 노트북 인 것 같 네요
좋	사실 처음 에 는 프로그래밍 연습 은 하 아야 되 는데 돈 이 없 어서 오래되 ᆫ 중 이 고 노트북 사려 하 았 는데 다행히 이번 이벤트 덕분 에 가성비 가 매우 좋 은 노트북 을 얻 게 되 었 네요 성능도 마음 에 들 고 제 생각 보다 가볍 어서 마음 에 매 두 드 ㅂ니다
좋	AMD APU 가 쓰 인 제 들 하이 엔드 급 성능 은 아니 지만 기본 적 으로 가성비 가 좋 았 지요
좋	AMD APU 가 쓰 인 제 들 하이 엔드 급 성능 은 아니 지만 기본 적 으로 가성비 가 좋 았 지요
좋	더블 업 때 램 도 업그레이드 받 고 성능 적 인 면 에서 도 10 - 20 만 원 가격 차이 있 는 는 노트북 들 에 도 그렇게 꿇리 지 않 고 무엇 보다 ips 패널 이 라 선명 하 ᄆ 과 눈부심 이 덜하 아서 좋 아요 이 가격대 에 ips 패널 달리 면 cpu 가 부실 하 다던가 그래픽카드 가 벤치 마크 점수 심해 에 있 는 제품 들 만 잇 는데 이것 ᆫ 그냥 갓 갓 가성비 이 라 미치 엇 습니다
좋	거기 다 더블 업글 받 고 이 가격 에 가성비 도 너무 좋 네요
좋	거기 다 더블 업글 받 고 이 가격 에 가성비 도 너무 좋 네요
좋	이만한 가격 에 이 정도 의 성능 이 면 가성비 는 참 좋 습니다
좋	더블 업 때 램 도 업그레이드 받 고 성능 적 인 면 에서 도 10 - 20 만 원 가격 차이 있 는 는 노트북 들 에 도 그렇게 꿇리 지 않 고 무엇 보다 ips 패널 이 라 선명 하 ᄆ 과 눈부심 이 덜하 아서 좋 아요 이 가격대 에 ips 패널 달리 면 cpu 가 부실 하 다던가 그래픽카드 가 벤치 마크 점수 심해 에 있 는 제품 들 만 잇 는데 이것 ᆫ 그냥 갓 갓 가성비 이 라 미치 엇 습니다
괜찮	가성비 cpu 에 괜찮 은 내장 그래픽 적당 하 ᆫ 크기 무게 좋 네요 
좋	가성비 cpu 에 괜찮 은 내장 그래픽 적당 하 ᆫ 크기 무게 좋 네요
괜찮	가성비 cpu 에 괜찮 은 내장 그래픽 적당 하 ᆫ 크기 무게 좋 네요 
좋	가성비 cpu 에 괜찮 은 내장 그래픽 적당 하 ᆫ 크기 무게 좋 네요
좋	가성비 가 좋 은 노트북 이 ㅂ니다 일반 동강 , 엑셀 작업 등 의 사무용 으로 활용 하 지 좋 습니다 
좋	가성비 가 좋 은 노트북 이 ㅂ니다 일반 동강 , 엑셀 작업 등 의 사무용 으로 활용 하 지 좋 습니다
좋	이번 이벤트 덕분 에 득템 하고 가 ㅂ니다 사실 처음 에 는 프로그래밍 연습 은 하 아야 되 는데 돈 이 없 어서 오래되 ᆫ 중 이 고 노트북 사려 하 았 는데 다행히 이번 이벤트 덕분 에 가성비 가 매우 좋 은 노트북 을 얻 게 되 었 네요 성능도 마음 에 들 고 제 생각 보다 가볍 어서 마음 에 매 두 드 ㅂ니다
좋	쿼드코어에 8 스 레드 성능 에 이 가격 이 니 가성비 가 매우 좋 군요
만족	역대급 가성비 무게 , 성능 , 휴대성 모든 면 에서 만족 하 ㅂ니다
좋	가성비 좋 습니다 쿼드코어에 8 스 레드 성능 에 이 가격 이 니 가성비 가 매우 좋 군요 
좋	가성비 좋 습니다 쿼드코어에 8 스 레드 성능 에 이 가격 이 니 가성비 가 매우 좋 군요
최고	최고 의 가성비 노트북 기존 에 다른 노트북 을 사용 하 아 오 았 지만 , 이런 가성비 의 노트북 은 처음 이 라 자신 있 게 얘기 하 ㅂ니다
좋	가성비 좋 은 노트북 가성비 좋 은 노트북 이 ㅂ니다 
좋	가성비 좋 은 노트북 가성비 좋 은 노트북 이 ㅂ니다
최고	ssd 256 gb , 램 8 gb 에 ips 패널 까지 업무용 으로 사용 하 기 에 는 최고 의 가성비 가 있 는 제품 이 ㅂ니다
좋	서브 용 으로 사용 예정 이 ᆫ데 좋 은 가성비 로 기분좋 게 사용 하 ᆯ듯
최고	이 가격 에 이 정도 퀄리티 이 라니 정말 너무너무 가성비 최고 에 요
최고	가성비 진짜 최고 에 요
최고	이 가격 에 이 정도 퀄리티 이 라니 정말 너무너무 가성비 최고 에 요
좋	서브 용 으로 사용 예정 이 ᆫ데 좋 은 가성비 로 기분좋 게 사용 하 ᆯ듯
좋	엄청나 ᆫ 가성비 를 자랑 하 ㅂ니다 기 존 에 노트북 이나 데스크탑 잇 는 분 들 도 태블릿 처럼 장난감 으로 사용 하 지 아주 좋 습니다
좋	가성비 매우 좋 음 단점 1
좋	s 340 - 14 api 라 이제 ᆫ 피카소 8 쓰 레드 8 기가 업 에 256 기가 ssd 까지 가격 은 좋 은 것 같 ㅏ요 물론 그램 이나 삼성 델 등등 가격 으로 보 면 더 좋 은 것 많 겠 지만 일단 가성비 는 탑 인 것 같 아요 
좋	s 340 - 14 api 라 이제 ᆫ 피카소 8 쓰 레드 8 기가 업 에 256 기가 ssd 까지 가격 은 좋 은 것 같 ㅏ요 물론 그램 이나 삼성 델 등등 가격 으로 보 면 더 좋 은 것 많 겠 지만 일단 가성비 는 탑 인 것 같 아요
좋	굳 굳 가성비 좋 습니다 만족스럽 게 사용 하 고 있 쓰 ㅂ니다
최고	최고 의 가성비 더 도 덜 도 없 는 실용 적 인 선택 원래 씽크패드 E 485 를 생각 하 고 있 었 습니다
최고	가성비 최고 이 ㅂ니다
좋	가성비 좋 네요
최고	이 가격 에 이 정도 성능 이 며 ㅁ 가성비 최고 이 ㅂ니다
최고	그래픽카드 도 나름 있 어 없 는 것 보 다는 낫 구요 여러모로 가성비 제품 을 찾 는 분 에게 ᆫ 최고 선택 이 되 ᆯ듯
최고	가성비 최고 네 요 덕분 에 잘 사 았 습니다
좋	컴퓨터 잘 알 는 친구 에게 가성비 좋 은 노트북 알아보 아 달래 었 더니 알아보 아 주 ᆫ 모델
좋	가성비 지리 이 고 깔끔 하 고 좋 습니다
최고	두 번째 레노버 노트북 이 ᆫ데 역시 가성비 는 최고 이 ㅂ니다
만족	ips 화면 , 최신 cpu 인 라 이제 ᆫ 3500 까지 제 가 찾 던 무조건 모두 만족 하 면서 이 정도 가격 이 라니 정말 가성비 짱 이 ㅂ니다
최고	이 가격 에 이 정도 성능 이 며 ㅁ 가성비 최고 이 ㅂ니다
괜찮	여닫 는데 소리 나 거나 하 는 것 이 ᆫ 아니 라서 괜찮 기 ᆫ 하 지만서도 , 이 가격 에 이 정도 이 면 가성비 는 좋 다고 생각 되 ㅂ니다 
좋	여닫 는데 소리 나 거나 하 는 것 이 ᆫ 아니 라서 괜찮 기 ᆫ 하 지만서도 , 이 가격 에 이 정도 이 면 가성비 는 좋 다고 생각 되 ㅂ니다
좋	가성비 는 진짜 좋은것 같 아 요 색상 을 블루 로 교체 하 았 는데 실버 도 이렇 는지 모르 겠 지만 먼지 가 잘 붙 네요 지문 까지 ᆫ 아니 ᆫ데 손자국 도 잘 남 아요 그것 말 고 는 좋 습니다 동급 의 15인치 모델 로 가 려다 14인치 는 ips 패널 이 라 하 아서 구매 하 았 는데 확실히 가독 성 좋 네요 막 윈도우 설치 한 터 이 라 좀더 사용 을 하 아 보 아야 알 겠 지만 좋은것 같 아요 
좋	가성비 는 진짜 좋은것 같 아 요 색상 을 블루 로 교체 하 았 는데 실버 도 이렇 는지 모르 겠 지만 먼지 가 잘 붙 네요 지문 까지 ᆫ 아니 ᆫ데 손자국 도 잘 남 아요 그것 말 고 는 좋 습니다 동급 의 15인치 모델 로 가 려다 14인치 는 ips 패널 이 라 하 아서 구매 하 았 는데 확실히 가독 성 좋 네요 막 윈도우 설치 한 터 이 라 좀더 사용 을 하 아 보 아야 알 겠 지만 좋은것 같 아요
최고	가성비 최고 의 노트북 노트북 고르 는 것 만 2 주 넘 게 걸리 었 는데
만족	ips 화면 , 최신 cpu 인 라 이제 ᆫ 3500 까지 제 가 찾 던 무조건 모두 만족 하 면서 이 정도 가격 이 라니 정말 가성비 짱 이 ㅂ니다
괜찮	여닫 는데 소리 나 거나 하 는 것 이 ᆫ 아니 라서 괜찮 기 ᆫ 하 지만서도 , 이 가격 에 이 정도 이 면 가성비 는 좋 다고 생각 되 ㅂ니다 
좋	여닫 는데 소리 나 거나 하 는 것 이 ᆫ 아니 라서 괜찮 기 ᆫ 하 지만서도 , 이 가격 에 이 정도 이 면 가성비 는 좋 다고 생각 되 ㅂ니다
최고	최고 의 가성비 노트북 살 려고 몇 주 검색 중 이 았 는데 보 자마자 구매 하 았 습니다 IPS 피카소 조합 에 더블 더블 이벤트 까지 빠지 는게 없 네요 강력 추천 하 ㅂ니다 
추천	최고 의 가성비 노트북 살 려고 몇 주 검색 중 이 았 는데 보 자마자 구매 하 았 습니다 IPS 피카소 조합 에 더블 더블 이벤트 까지 빠지 는게 없 네요 강력 추천 하 ㅂ니다
좋	빠르 고 좋 습니다 가성비 지리 이 고 깔끔 하 고 좋 습니다 
좋	빠르 고 좋 습니다 가성비 지리 이 고 깔끔 하 고 좋 습니다
최고	가성비 최고 제품
최고	그래픽카드 도 나름 있 어 없 는 것 보 다는 낫 구요 여러모로 가성비 제품 을 찾 는 분 에게 ᆫ 최고 선택 이 되 ᆯ듯
최고	가성비 최고
최고	두 번째 레노버 노트북 이 ᆫ데 역시 가성비 는 최고 이 ㅂ니다
최고	최고 의 가성비 노트북 너무 좋 은 선택 을 한 것 같 습니다 
좋	최고 의 가성비 노트북 너무 좋 은 선택 을 한 것 같 습니다
최고	잘 받 았 습니다 가성비 최고 네 요 덕분 에 잘 사 았 습니다
좋	가성비 넘치 는 노트북 고급지 이 고 좋 아요
좋	가성비 대박 컴퓨터 잘 알 는 친구 에게 가성비 좋 은 노트북 알아보 아 달래 었 더니 알아보 아 주 ᆫ 모델
추천	가성비 노트북 추천 하 ㅂ니다 할인 하 ᆯ 때 구매 하 아서 잘 쓰 고 있 습니다
최고	가성비 최고 의 노트북 14인치 는 처음 쓰 어 보 ㅂ니다
최고	가성비 최고 의 노트북
훌륭	힌지 부분 생각 만큼 마감 이 훌륭 하 지 는 않 지만 가성비 조아 욧
훌륭	힌지 부분 생각 만큼 마감 이 훌륭 하 지 는 않 지만 가성비 조아 욧
좋	이 가격 에 이 품질 찾아보기 힘 들 정도 로 가성비 가 정말 좋 아요
좋	가성비 정말 좋 네요
좋	디스플레이 는 보 자마자 정신 줄 을 놓 고 화면 속 에 있 는 바다 를 향하 아 뛰쳐나가 ᆯ 정도 는 아니 지만 그동안 저가 노트북 의 패널 들 을 보 며 고통 받 았 을 우리 들 의 눈 을 구원 하 아 주 듯 ( 제 기준 ) 좋 은 색 표현 능력 , 시야 각 을 보여주 며 가성비 로 이 가격대 의 모든 노트북 들 을 모두 씹 어 먹 어 버리 ㅂ니다
좋	블루색 상 너무 이쁘 고 배송 도 빠르 네요 가성비 좋 습니다 언능 사 시 어요
좋	속도 빠르 고 ips 패널 이 라 화면 도 쨍 하 아서 좋 네요 더블 업 행사 이 라 메모리 도 업데이트 하 니 게임 도 잘 돌아가 ㅂ니다 노트북 지르 려고 참 고 있 었 는데 가성비 좋 은 제품 이 라 만족 하 ㅂ니다 
좋	속도 빠르 고 ips 패널 이 라 화면 도 쨍 하 아서 좋 네요 더블 업 행사 이 라 메모리 도 업데이트 하 니 게임 도 잘 돌아가 ㅂ니다 노트북 지르 려고 참 고 있 었 는데 가성비 좋 은 제품 이 라 만족 하 ㅂ니다 
만족	속도 빠르 고 ips 패널 이 라 화면 도 쨍 하 아서 좋 네요 더블 업 행사 이 라 메모리 도 업데이트 하 니 게임 도 잘 돌아가 ㅂ니다 노트북 지르 려고 참 고 있 었 는데 가성비 좋 은 제품 이 라 만족 하 ㅂ니다
최고	가성비 최고 이 이 ㅂ니다 정말 좋 습니다 배송 도 빠르 고 더블 업글 찬스 로 정말 잘 구입 하 ᆫ 것 같 습니다 무게 도 가볍고 출장 시 이용 하 면 좋 을 것 같 네요 많이 팔 시 고 대박 나 세요 
좋	가성비 최고 이 이 ㅂ니다 정말 좋 습니다 배송 도 빠르 고 더블 업글 찬스 로 정말 잘 구입 하 ᆫ 것 같 습니다 무게 도 가볍고 출장 시 이용 하 면 좋 을 것 같 네요 많이 팔 시 고 대박 나 세요 
좋	가성비 최고 이 이 ㅂ니다 정말 좋 습니다 배송 도 빠르 고 더블 업글 찬스 로 정말 잘 구입 하 ᆫ 것 같 습니다 무게 도 가볍고 출장 시 이용 하 면 좋 을 것 같 네요 많이 팔 시 고 대박 나 세요
좋	디스플레이 는 보 자마자 정신 줄 을 놓 고 화면 속 에 있 는 바다 를 향하 아 뛰쳐나가 ᆯ 정도 는 아니 지만 그동안 저가 노트북 의 패널 들 을 보 며 고통 받 았 을 우리 들 의 눈 을 구원 하 아 주 듯 ( 제 기준 ) 좋 은 색 표현 능력 , 시야 각 을 보여주 며 가성비 로 이 가격대 의 모든 노트북 들 을 모두 씹 어 먹 어 버리 ㅂ니다
최고	가성비 최고 네 요 저렴 하 ᆫ 가격 에 더블 업그레이 행사 까지 최고 이 ㅂ니다 
최고	가성비 최고 네 요 저렴 하 ᆫ 가격 에 더블 업그레이 행사 까지 최고 이 ㅂ니다
좋	블루색 상 너무 이쁘 고 배송 도 빠르 네요 가성비 좋 습니다 언능 사 시 어요
좋	노트북 지르 려고 참 고 있 었 는데 가성비 좋 은 제품 이 라 만족 하 ㅂ니다 
만족	노트북 지르 려고 참 고 있 었 는데 가성비 좋 은 제품 이 라 만족 하 ㅂ니다
좋	가성비 좋 습니 당
좋	가성비 좋 고 생각 보다 무겁 기 ᆫ 하 지만 괜찮 은 것 같 아요 
괜찮	가성비 좋 고 생각 보다 무겁 기 ᆫ 하 지만 괜찮 은 것 같 아요
괜찮	가성비 저렴 하 면서 괜찮 네요
최고	가성비 최고 이 가격 에 이 정도 성능 액정 무게 만족 시키 기 어렵 ᆯ 듯 요 
만족	가성비 최고 이 가격 에 이 정도 성능 액정 무게 만족 시키 기 어렵 ᆯ 듯 요
좋	이 가격 에 이 품질 찾아보기 힘 들 정도 로 가성비 가 정말 좋 아요
최고	최고 의 가성비 노트북 을 구매
좋	가성비 정말 좋 네요
만족	만족 하 ㅂ니다 만족 하 ㅂ니다 가성비 굿 
만족	만족 하 ㅂ니다 만족 하 ㅂ니다 가성비 굿
최고	최고 의 가성비 노트북 이 가격 에 이런 사양 의 노트북 은 없 다고 생각 하 ㅂ니다
좋	디자인 도 깔끔 하 고 IPS 패널 이 고 이벤트 로 저장공간 , 메모리 업 도 하 아 주 고 진짜 가성비 좋 은 노트북 이 라고 생각 하 ㅂ니다
괜찮	원래 레노버 살 생각 이 없 었 는데 가성비 너무 괜찮 아서 사 았 습니다 우선 이쁘 네요 블루 블랙 이 ㅂ니다 맘 에 들 네요 크 기 도 인터넷 , 문서작성 등 으로 쓸 거라 적당 하 고 별로 답답 하 ᆫ지 모르 겠 네요 3
최고	무료 업그레이드 너무 감사합니다 디자인 깔끔 하 아서 이쁘 고요 가성비 로 는 최고 이 라고 생각 되 어 요다 만 기본 적 으로 랜 아답터 를 제공 하 지 않 는게 아쉽 고요 최신 AMD 제품 이어서 인지 모르 아도 초기 윈도우 설치 시 키보드 만 되 고 마우스 랑 와이파이 가 작동 하 지 않 아서 당황 하 았 네요 겨우 USB LAN 아답터 구하 아서 윈도우 업데이트 최신 으로 하 니 와이파이 랑 마우스 판 정상 작동 하 네요 그래서 초기 윈도우 가지 시 ᆫ 분 은 설치 시 마우스 랑 랜 카드 꽂 아서 윈도우 설치 하 시 는게 정신 건강 에 좋 습니다 
좋	무료 업그레이드 너무 감사합니다 디자인 깔끔 하 아서 이쁘 고요 가성비 로 는 최고 이 라고 생각 되 어 요다 만 기본 적 으로 랜 아답터 를 제공 하 지 않 는게 아쉽 고요 최신 AMD 제품 이어서 인지 모르 아도 초기 윈도우 설치 시 키보드 만 되 고 마우스 랑 와이파이 가 작동 하 지 않 아서 당황 하 았 네요 겨우 USB LAN 아답터 구하 아서 윈도우 업데이트 최신 으로 하 니 와이파이 랑 마우스 판 정상 작동 하 네요 그래서 초기 윈도우 가지 시 ᆫ 분 은 설치 시 마우스 랑 랜 카드 꽂 아서 윈도우 설치 하 시 는게 정신 건강 에 좋 습니다
좋	노트북 살 려고 알아보 던 중 구입 하 게 되 었 습니다 기 존 가격 에서 도 가성비 가 좋 지만 램 과 ssd 용량 까지 업그레이드 하 아 주 면서 더욱더 가성비 가 좋 아 지 었 습니다 
좋	노트북 살 려고 알아보 던 중 구입 하 게 되 었 습니다 기 존 가격 에서 도 가성비 가 좋 지만 램 과 ssd 용량 까지 업그레이드 하 아 주 면서 더욱더 가성비 가 좋 아 지 었 습니다
최고	이 가격 에 찌 ᆫ IPS 달 아 주 고 쓰 ᆯ 만 하 게 나오 ᆫ 놋북 은 진짜 놀랍 다 진짜 가성비 최고 가볍고 발열 잘 잡 아 주 고 ips 에 진짜 제대로 쓰 ᆯ 만 하 ᆫ 물건 이 나오 았 음
만족	노트북 자체 는 엄청나 ᆫ 가성비 제품 이 라 만족 은 하 ㅂ니다 불량 제품 도 아니 구요
좋	노트북 을 살 려고 50 만 원대 를 다 뒤지 었 으나 IPS 패널 에 14인치 로 살 려고 하 니 다 60 이 넘 었 는데 조 ㅎ 은 시기 에 사 아서 256 에다 램 8 기가 까지 엄청 좋 은 가성비 로 노트북 을 사 게 되 었 네요 확실히 노트북 은 광 시야 각 으로 사 아야 되 네요 윈도우 깔 아서 쓰 어 보 고 있 는데 성능도 빠릿빠릿 하 네요
만족	처음 ssd 만 더블 업 이벤트 하 았 을 때 3 만 원 결제 하 고 램 추가 결제 하 았 습니다 이후 옥션 에서 삼성카드 할인 이벤트 추가 로 램 까지 더블 업 이벤트 를 하 ᆫ다고 하 니 판매자 분 이 몇일 사이 이벤트 를 변경 하 아 손 하 아 보 는 느낌 이 들 었 네요 그래도 오늘 노트북 을 받 아 보 고 잘 은 모르 지만 이 가격 에 이만한 노트북 은 없 다는 생각 에 만족 하 ᆯ 수 있 었 고 상품 외관 및 기능 이상 없 고 팬 소리 가 조용 하 고 IPS 액정 은 생각 보다 화질 이 좋 지 는 않 아요 그냥 보통 수준 키보드 가 부드럽 고 충전 아답터 가 크 지만 충전 이 무지 빠르 ㅂ니다 깜짝 놀라 았 음 오래오래 쓰 었 으면 좋 겠 네요 암튼 현재 이벤트 추가 되 어서 가성비 더 좋 아 지 었 고 배송 도 빠르 고 강력 추천 하 ㅂ니다 
좋	처음 ssd 만 더블 업 이벤트 하 았 을 때 3 만 원 결제 하 고 램 추가 결제 하 았 습니다 이후 옥션 에서 삼성카드 할인 이벤트 추가 로 램 까지 더블 업 이벤트 를 하 ᆫ다고 하 니 판매자 분 이 몇일 사이 이벤트 를 변경 하 아 손 하 아 보 는 느낌 이 들 었 네요 그래도 오늘 노트북 을 받 아 보 고 잘 은 모르 지만 이 가격 에 이만한 노트북 은 없 다는 생각 에 만족 하 ᆯ 수 있 었 고 상품 외관 및 기능 이상 없 고 팬 소리 가 조용 하 고 IPS 액정 은 생각 보다 화질 이 좋 지 는 않 아요 그냥 보통 수준 키보드 가 부드럽 고 충전 아답터 가 크 지만 충전 이 무지 빠르 ㅂ니다 깜짝 놀라 았 음 오래오래 쓰 었 으면 좋 겠 네요 암튼 현재 이벤트 추가 되 어서 가성비 더 좋 아 지 었 고 배송 도 빠르 고 강력 추천 하 ㅂ니다 
좋	처음 ssd 만 더블 업 이벤트 하 았 을 때 3 만 원 결제 하 고 램 추가 결제 하 았 습니다 이후 옥션 에서 삼성카드 할인 이벤트 추가 로 램 까지 더블 업 이벤트 를 하 ᆫ다고 하 니 판매자 분 이 몇일 사이 이벤트 를 변경 하 아 손 하 아 보 는 느낌 이 들 었 네요 그래도 오늘 노트북 을 받 아 보 고 잘 은 모르 지만 이 가격 에 이만한 노트북 은 없 다는 생각 에 만족 하 ᆯ 수 있 었 고 상품 외관 및 기능 이상 없 고 팬 소리 가 조용 하 고 IPS 액정 은 생각 보다 화질 이 좋 지 는 않 아요 그냥 보통 수준 키보드 가 부드럽 고 충전 아답터 가 크 지만 충전 이 무지 빠르 ㅂ니다 깜짝 놀라 았 음 오래오래 쓰 었 으면 좋 겠 네요 암튼 현재 이벤트 추가 되 어서 가성비 더 좋 아 지 었 고 배송 도 빠르 고 강력 추천 하 ㅂ니다 
좋	처음 ssd 만 더블 업 이벤트 하 았 을 때 3 만 원 결제 하 고 램 추가 결제 하 았 습니다 이후 옥션 에서 삼성카드 할인 이벤트 추가 로 램 까지 더블 업 이벤트 를 하 ᆫ다고 하 니 판매자 분 이 몇일 사이 이벤트 를 변경 하 아 손 하 아 보 는 느낌 이 들 었 네요 그래도 오늘 노트북 을 받 아 보 고 잘 은 모르 지만 이 가격 에 이만한 노트북 은 없 다는 생각 에 만족 하 ᆯ 수 있 었 고 상품 외관 및 기능 이상 없 고 팬 소리 가 조용 하 고 IPS 액정 은 생각 보다 화질 이 좋 지 는 않 아요 그냥 보통 수준 키보드 가 부드럽 고 충전 아답터 가 크 지만 충전 이 무지 빠르 ㅂ니다 깜짝 놀라 았 음 오래오래 쓰 었 으면 좋 겠 네요 암튼 현재 이벤트 추가 되 어서 가성비 더 좋 아 지 었 고 배송 도 빠르 고 강력 추천 하 ㅂ니다 
추천	처음 ssd 만 더블 업 이벤트 하 았 을 때 3 만 원 결제 하 고 램 추가 결제 하 았 습니다 이후 옥션 에서 삼성카드 할인 이벤트 추가 로 램 까지 더블 업 이벤트 를 하 ᆫ다고 하 니 판매자 분 이 몇일 사이 이벤트 를 변경 하 아 손 하 아 보 는 느낌 이 들 었 네요 그래도 오늘 노트북 을 받 아 보 고 잘 은 모르 지만 이 가격 에 이만한 노트북 은 없 다는 생각 에 만족 하 ᆯ 수 있 었 고 상품 외관 및 기능 이상 없 고 팬 소리 가 조용 하 고 IPS 액정 은 생각 보다 화질 이 좋 지 는 않 아요 그냥 보통 수준 키보드 가 부드럽 고 충전 아답터 가 크 지만 충전 이 무지 빠르 ㅂ니다 깜짝 놀라 았 음 오래오래 쓰 었 으면 좋 겠 네요 암튼 현재 이벤트 추가 되 어서 가성비 더 좋 아 지 었 고 배송 도 빠르 고 강력 추천 하 ㅂ니다
좋	전반 적 으로 현재 까지 는 가성비 좋 고 크 ᆫ 하자 가 없 는 것 으로 보이 ㅂ니다
좋	가성비 좋 네요 저 는 돈 주 고 램 추가 하 아서 사 았 지만 지금 이벤 으로 추가 하 아 주 니 가성비 가 더 좋 아 지 었 네요 
좋	가성비 좋 네요 저 는 돈 주 고 램 추가 하 아서 사 았 지만 지금 이벤 으로 추가 하 아 주 니 가성비 가 더 좋 아 지 었 네요
좋	마침 적당 하 ᆫ 가격대 의 노트북 을 찾 고 있 었 는데 , 이 가격대 에 꽤나 가성비 있 는 성능 의 노트북 을 딱 만나 아서 좋 았 네요 사은품 도 만족 : ) 디자인 블루 로 사 았 는데 깔끔 하 고 만족스럽 습니다 
만족	마침 적당 하 ᆫ 가격대 의 노트북 을 찾 고 있 었 는데 , 이 가격대 에 꽤나 가성비 있 는 성능 의 노트북 을 딱 만나 아서 좋 았 네요 사은품 도 만족 : ) 디자인 블루 로 사 았 는데 깔끔 하 고 만족스럽 습니다
좋	그냥 가성비 느낌 으로 구매 하 았 어요 그런데 마감 완전 좋 습니다
좋	있 을 것 다 있 으면서 가성비 좋 은 14인치 사무용 텐 하 기 리스 노트북 구매 하 려는 분 들 께 추천 드리 ㅂ니다 
추천	있 을 것 다 있 으면서 가성비 좋 은 14인치 사무용 텐 하 기 리스 노트북 구매 하 려는 분 들 께 추천 드리 ㅂ니다
