PNword	review
많	주문량 이 많 아서 생각 보다 배송 은 오래 걸리 기 ᆫ 하 았 지만 사은품 도 다 오 았 고 노트북 이 예쁘 어서 만족 하 ㅂ니다 
다	주문량 이 많 아서 생각 보다 배송 은 오래 걸리 기 ᆫ 하 았 지만 사은품 도 다 오 았 고 노트북 이 예쁘 어서 만족 하 ㅂ니다
좋	요건 제 가 사용 하 려고 요 평소 사진 영상 편집 일 을 하 는데 휴대 도 좋 고 컬러 도 화이트 이 라 예쁘 어요 사은품 도 받 을 수 있 어서 정말 좋은기회 에 저렴 하 게 잘 구입 하 았 네요 아주 만족 하 ㅂ니다 
받	요건 제 가 사용 하 려고 요 평소 사진 영상 편집 일 을 하 는데 휴대 도 좋 고 컬러 도 화이트 이 라 예쁘 어요 사은품 도 받 을 수 있 어서 정말 좋은기회 에 저렴 하 게 잘 구입 하 았 네요 아주 만족 하 ㅂ니다 
저렴	요건 제 가 사용 하 려고 요 평소 사진 영상 편집 일 을 하 는데 휴대 도 좋 고 컬러 도 화이트 이 라 예쁘 어요 사은품 도 받 을 수 있 어서 정말 좋은기회 에 저렴 하 게 잘 구입 하 았 네요 아주 만족 하 ㅂ니다 
잘	요건 제 가 사용 하 려고 요 평소 사진 영상 편집 일 을 하 는데 휴대 도 좋 고 컬러 도 화이트 이 라 예쁘 어요 사은품 도 받 을 수 있 어서 정말 좋은기회 에 저렴 하 게 잘 구입 하 았 네요 아주 만족 하 ㅂ니다
이것저것	생각 보다 훨씬 가볍고 부팅 도 짱 빠르 네요 역시 엘쥐 제품 이 네요 , 이것저것 사은품 도 많이 주 고 좋 습니다 [ G마켓 안드로이드 앱 에서 작성 ] 
많이	생각 보다 훨씬 가볍고 부팅 도 짱 빠르 네요 역시 엘쥐 제품 이 네요 , 이것저것 사은품 도 많이 주 고 좋 습니다 [ G마켓 안드로이드 앱 에서 작성 ] 
좋	생각 보다 훨씬 가볍고 부팅 도 짱 빠르 네요 역시 엘쥐 제품 이 네요 , 이것저것 사은품 도 많이 주 고 좋 습니다 [ G마켓 안드로이드 앱 에서 작성 ]
많이	현재 사용 하 고 있 는 노트북 이 오래되 어 바꾸 려고 검색 중 할인 이 많이 되 고 색상 도 마음 에 들 어 구입 하 게 되 었 습니다 노트북 받 는 순간 검은색 만 사용 하 다 흰색 이 어서 너무 깔끔 하 고 예쁘 었 습니다 사은품 도 가방 , 무선 마우스 , 보호필름 , 키보드 커버 , 마우스 패드 까지 다 챙기 어 주 시 니 너무 좋 았 습니다 느리 ᆫ 노트북 쓰 다가 정말 빠르 ᆫ 속도 에 감동 또 감동 
마음	현재 사용 하 고 있 는 노트북 이 오래되 어 바꾸 려고 검색 중 할인 이 많이 되 고 색상 도 마음 에 들 어 구입 하 게 되 었 습니다 노트북 받 는 순간 검은색 만 사용 하 다 흰색 이 어서 너무 깔끔 하 고 예쁘 었 습니다 사은품 도 가방 , 무선 마우스 , 보호필름 , 키보드 커버 , 마우스 패드 까지 다 챙기 어 주 시 니 너무 좋 았 습니다 느리 ᆫ 노트북 쓰 다가 정말 빠르 ᆫ 속도 에 감동 또 감동 
받	현재 사용 하 고 있 는 노트북 이 오래되 어 바꾸 려고 검색 중 할인 이 많이 되 고 색상 도 마음 에 들 어 구입 하 게 되 었 습니다 노트북 받 는 순간 검은색 만 사용 하 다 흰색 이 어서 너무 깔끔 하 고 예쁘 었 습니다 사은품 도 가방 , 무선 마우스 , 보호필름 , 키보드 커버 , 마우스 패드 까지 다 챙기 어 주 시 니 너무 좋 았 습니다 느리 ᆫ 노트북 쓰 다가 정말 빠르 ᆫ 속도 에 감동 또 감동 
다	현재 사용 하 고 있 는 노트북 이 오래되 어 바꾸 려고 검색 중 할인 이 많이 되 고 색상 도 마음 에 들 어 구입 하 게 되 었 습니다 노트북 받 는 순간 검은색 만 사용 하 다 흰색 이 어서 너무 깔끔 하 고 예쁘 었 습니다 사은품 도 가방 , 무선 마우스 , 보호필름 , 키보드 커버 , 마우스 패드 까지 다 챙기 어 주 시 니 너무 좋 았 습니다 느리 ᆫ 노트북 쓰 다가 정말 빠르 ᆫ 속도 에 감동 또 감동 
다	현재 사용 하 고 있 는 노트북 이 오래되 어 바꾸 려고 검색 중 할인 이 많이 되 고 색상 도 마음 에 들 어 구입 하 게 되 었 습니다 노트북 받 는 순간 검은색 만 사용 하 다 흰색 이 어서 너무 깔끔 하 고 예쁘 었 습니다 사은품 도 가방 , 무선 마우스 , 보호필름 , 키보드 커버 , 마우스 패드 까지 다 챙기 어 주 시 니 너무 좋 았 습니다 느리 ᆫ 노트북 쓰 다가 정말 빠르 ᆫ 속도 에 감동 또 감동 
챙기	현재 사용 하 고 있 는 노트북 이 오래되 어 바꾸 려고 검색 중 할인 이 많이 되 고 색상 도 마음 에 들 어 구입 하 게 되 었 습니다 노트북 받 는 순간 검은색 만 사용 하 다 흰색 이 어서 너무 깔끔 하 고 예쁘 었 습니다 사은품 도 가방 , 무선 마우스 , 보호필름 , 키보드 커버 , 마우스 패드 까지 다 챙기 어 주 시 니 너무 좋 았 습니다 느리 ᆫ 노트북 쓰 다가 정말 빠르 ᆫ 속도 에 감동 또 감동 
좋	현재 사용 하 고 있 는 노트북 이 오래되 어 바꾸 려고 검색 중 할인 이 많이 되 고 색상 도 마음 에 들 어 구입 하 게 되 었 습니다 노트북 받 는 순간 검은색 만 사용 하 다 흰색 이 어서 너무 깔끔 하 고 예쁘 었 습니다 사은품 도 가방 , 무선 마우스 , 보호필름 , 키보드 커버 , 마우스 패드 까지 다 챙기 어 주 시 니 너무 좋 았 습니다 느리 ᆫ 노트북 쓰 다가 정말 빠르 ᆫ 속도 에 감동 또 감동 
쓰	현재 사용 하 고 있 는 노트북 이 오래되 어 바꾸 려고 검색 중 할인 이 많이 되 고 색상 도 마음 에 들 어 구입 하 게 되 었 습니다 노트북 받 는 순간 검은색 만 사용 하 다 흰색 이 어서 너무 깔끔 하 고 예쁘 었 습니다 사은품 도 가방 , 무선 마우스 , 보호필름 , 키보드 커버 , 마우스 패드 까지 다 챙기 어 주 시 니 너무 좋 았 습니다 느리 ᆫ 노트북 쓰 다가 정말 빠르 ᆫ 속도 에 감동 또 감동
잘	배송 은 예상 하 던 기간 내 에 잘 도착 하 았 고 사은품 도 누락 없 었 습니다 
누락	배송 은 예상 하 던 기간 내 에 잘 도착 하 았 고 사은품 도 누락 없 었 습니다 
없	배송 은 예상 하 던 기간 내 에 잘 도착 하 았 고 사은품 도 누락 없 었 습니다
받	근데 사은품 으로 받 은 화면보호필름 은 정말 붙이 기 어렵 네요
받	결제 하 고 배송 받 는 것 까지 물량부족 이 라고 너무 오래 걸리 긴 하 았 지만 사은품 도 노트북 도 잘 받 았 보 았 습니다 
잘	결제 하 고 배송 받 는 것 까지 물량부족 이 라고 너무 오래 걸리 긴 하 았 지만 사은품 도 노트북 도 잘 받 았 보 았 습니다 
받	결제 하 고 배송 받 는 것 까지 물량부족 이 라고 너무 오래 걸리 긴 하 았 지만 사은품 도 노트북 도 잘 받 았 보 았 습니다
없	간단 하 ᆫ 삼 ㅜ 업무 를 진행 하 는데 발열 과 소음 문제 는 전혀 없 는 것 같 네요 가성비 로 유명 하 ᆫ 제품 이 듯 정말 가성비 가 좋 습니다 사은품 도 많이 주 어서 아주 만족스럽 습니다 
좋	간단 하 ᆫ 삼 ㅜ 업무 를 진행 하 는데 발열 과 소음 문제 는 전혀 없 는 것 같 네요 가성비 로 유명 하 ᆫ 제품 이 듯 정말 가성비 가 좋 습니다 사은품 도 많이 주 어서 아주 만족스럽 습니다 
많이	간단 하 ᆫ 삼 ㅜ 업무 를 진행 하 는데 발열 과 소음 문제 는 전혀 없 는 것 같 네요 가성비 로 유명 하 ᆫ 제품 이 듯 정말 가성비 가 좋 습니다 사은품 도 많이 주 어서 아주 만족스럽 습니다 
만족스럽	간단 하 ᆫ 삼 ㅜ 업무 를 진행 하 는데 발열 과 소음 문제 는 전혀 없 는 것 같 네요 가성비 로 유명 하 ᆫ 제품 이 듯 정말 가성비 가 좋 습니다 사은품 도 많이 주 어서 아주 만족스럽 습니다
마음	거기 에 가방 이나 무선마우스 , 보호필름 까지 사은품 이 마음 에 드 ㅂ니다
꼭	사은품 5 종 도 꼭 필요 하 ᆫ 것 으로 구성 하 아서 더 추가 구입 하 지 않 아도 되 네요 
필요	사은품 5 종 도 꼭 필요 하 ᆫ 것 으로 구성 하 아서 더 추가 구입 하 지 않 아도 되 네요
챙기	빅스마일 할인 행사 중 에 도 키스킨 액정보호필름 마우스 와 마우스패드 사은품 까지 챙기 어 주 시 고
받	그런데 포토 상품평 사은품 받 기 진짜 복잡 하 고 까다롭 네요 
복잡	그런데 포토 상품평 사은품 받 기 진짜 복잡 하 고 까다롭 네요 
까다롭	그런데 포토 상품평 사은품 받 기 진짜 복잡 하 고 까다롭 네요
저렴	우선 빅스마일 로 저렴 하 게 구매 하 았 네요 무엇 보다 도 오피스 가 깔리 어 있 어서 바로 사용 하 ᆯ 수 있 어서 좋 습니다 사은품 도 5 개 나 주 시 어서 좋 구요 노트북 사용 하 는데 꼭 필요 하 ᆫ 제품 의 사은품 이 네요 저 는 울트라 패 기지 에 외부 보호필름 도 있 는 줄 알 고 추가 로 구매 하 았 는데 파우치 만 추가 되 고 키스킨 이랑 보호필름 만 두장 씩 되 어 버리 었 네요 이점 참고 하 시 기 바라 ㅂ니다 싸게 구매 하 ᆫ 것 은 좋 아 으나 물량 마다 ㄹ로 이주 이상 기달 려 받 아서 구매취소 하 ᆯ까 
좋	우선 빅스마일 로 저렴 하 게 구매 하 았 네요 무엇 보다 도 오피스 가 깔리 어 있 어서 바로 사용 하 ᆯ 수 있 어서 좋 습니다 사은품 도 5 개 나 주 시 어서 좋 구요 노트북 사용 하 는데 꼭 필요 하 ᆫ 제품 의 사은품 이 네요 저 는 울트라 패 기지 에 외부 보호필름 도 있 는 줄 알 고 추가 로 구매 하 았 는데 파우치 만 추가 되 고 키스킨 이랑 보호필름 만 두장 씩 되 어 버리 었 네요 이점 참고 하 시 기 바라 ㅂ니다 싸게 구매 하 ᆫ 것 은 좋 아 으나 물량 마다 ㄹ로 이주 이상 기달 려 받 아서 구매취소 하 ᆯ까 
좋	우선 빅스마일 로 저렴 하 게 구매 하 았 네요 무엇 보다 도 오피스 가 깔리 어 있 어서 바로 사용 하 ᆯ 수 있 어서 좋 습니다 사은품 도 5 개 나 주 시 어서 좋 구요 노트북 사용 하 는데 꼭 필요 하 ᆫ 제품 의 사은품 이 네요 저 는 울트라 패 기지 에 외부 보호필름 도 있 는 줄 알 고 추가 로 구매 하 았 는데 파우치 만 추가 되 고 키스킨 이랑 보호필름 만 두장 씩 되 어 버리 었 네요 이점 참고 하 시 기 바라 ㅂ니다 싸게 구매 하 ᆫ 것 은 좋 아 으나 물량 마다 ㄹ로 이주 이상 기달 려 받 아서 구매취소 하 ᆯ까 
꼭	우선 빅스마일 로 저렴 하 게 구매 하 았 네요 무엇 보다 도 오피스 가 깔리 어 있 어서 바로 사용 하 ᆯ 수 있 어서 좋 습니다 사은품 도 5 개 나 주 시 어서 좋 구요 노트북 사용 하 는데 꼭 필요 하 ᆫ 제품 의 사은품 이 네요 저 는 울트라 패 기지 에 외부 보호필름 도 있 는 줄 알 고 추가 로 구매 하 았 는데 파우치 만 추가 되 고 키스킨 이랑 보호필름 만 두장 씩 되 어 버리 었 네요 이점 참고 하 시 기 바라 ㅂ니다 싸게 구매 하 ᆫ 것 은 좋 아 으나 물량 마다 ㄹ로 이주 이상 기달 려 받 아서 구매취소 하 ᆯ까 
필요	우선 빅스마일 로 저렴 하 게 구매 하 았 네요 무엇 보다 도 오피스 가 깔리 어 있 어서 바로 사용 하 ᆯ 수 있 어서 좋 습니다 사은품 도 5 개 나 주 시 어서 좋 구요 노트북 사용 하 는데 꼭 필요 하 ᆫ 제품 의 사은품 이 네요 저 는 울트라 패 기지 에 외부 보호필름 도 있 는 줄 알 고 추가 로 구매 하 았 는데 파우치 만 추가 되 고 키스킨 이랑 보호필름 만 두장 씩 되 어 버리 었 네요 이점 참고 하 시 기 바라 ㅂ니다 싸게 구매 하 ᆫ 것 은 좋 아 으나 물량 마다 ㄹ로 이주 이상 기달 려 받 아서 구매취소 하 ᆯ까 
좋	우선 빅스마일 로 저렴 하 게 구매 하 았 네요 무엇 보다 도 오피스 가 깔리 어 있 어서 바로 사용 하 ᆯ 수 있 어서 좋 습니다 사은품 도 5 개 나 주 시 어서 좋 구요 노트북 사용 하 는데 꼭 필요 하 ᆫ 제품 의 사은품 이 네요 저 는 울트라 패 기지 에 외부 보호필름 도 있 는 줄 알 고 추가 로 구매 하 았 는데 파우치 만 추가 되 고 키스킨 이랑 보호필름 만 두장 씩 되 어 버리 었 네요 이점 참고 하 시 기 바라 ㅂ니다 싸게 구매 하 ᆫ 것 은 좋 아 으나 물량 마다 ㄹ로 이주 이상 기달 려 받 아서 구매취소 하 ᆯ까 
받	우선 빅스마일 로 저렴 하 게 구매 하 았 네요 무엇 보다 도 오피스 가 깔리 어 있 어서 바로 사용 하 ᆯ 수 있 어서 좋 습니다 사은품 도 5 개 나 주 시 어서 좋 구요 노트북 사용 하 는데 꼭 필요 하 ᆫ 제품 의 사은품 이 네요 저 는 울트라 패 기지 에 외부 보호필름 도 있 는 줄 알 고 추가 로 구매 하 았 는데 파우치 만 추가 되 고 키스킨 이랑 보호필름 만 두장 씩 되 어 버리 었 네요 이점 참고 하 시 기 바라 ㅂ니다 싸게 구매 하 ᆫ 것 은 좋 아 으나 물량 마다 ㄹ로 이주 이상 기달 려 받 아서 구매취소 하 ᆯ까
감사	키스킨 사 기 ᆫ 아깝 ᆫ데 사은품 으로 주 니 너무 감사 요 노트북 쓰 면서 갑갑 하 ᆫ 것 없 우 이 니 좋 아요 ms office 도 팍팍 열리 고 
쓰	키스킨 사 기 ᆫ 아깝 ᆫ데 사은품 으로 주 니 너무 감사 요 노트북 쓰 면서 갑갑 하 ᆫ 것 없 우 이 니 좋 아요 ms office 도 팍팍 열리 고 
없	키스킨 사 기 ᆫ 아깝 ᆫ데 사은품 으로 주 니 너무 감사 요 노트북 쓰 면서 갑갑 하 ᆫ 것 없 우 이 니 좋 아요 ms office 도 팍팍 열리 고 
좋	키스킨 사 기 ᆫ 아깝 ᆫ데 사은품 으로 주 니 너무 감사 요 노트북 쓰 면서 갑갑 하 ᆫ 것 없 우 이 니 좋 아요 ms office 도 팍팍 열리 고
저렴	사은품 으로 같이 오 ᆫ 마우스패드 와 무선마우스 는 저렴 이 로 사용 하 ᆯ 일 이 없 을 듯 하 지만 
없	사은품 으로 같이 오 ᆫ 마우스패드 와 무선마우스 는 저렴 이 로 사용 하 ᆯ 일 이 없 을 듯 하 지만
모두	주 시 ᆫ다는 사은품 도 모두 잘 도착 하 았 고 , 꼼꼼히 포장 도 잘 되 어 있 어서 너무 좋 았 습니다 
잘	주 시 ᆫ다는 사은품 도 모두 잘 도착 하 았 고 , 꼼꼼히 포장 도 잘 되 어 있 어서 너무 좋 았 습니다 
잘	주 시 ᆫ다는 사은품 도 모두 잘 도착 하 았 고 , 꼼꼼히 포장 도 잘 되 어 있 어서 너무 좋 았 습니다 
좋	주 시 ᆫ다는 사은품 도 모두 잘 도착 하 았 고 , 꼼꼼히 포장 도 잘 되 어 있 어서 너무 좋 았 습니다
빠짐없이	공지 하 았 던 사은품 도 빠짐없이 다 받 았 구요 , 화이트 색상 은 처음 사용 이 ᆫ데 매우 만족 이 ㅂ니다 
다	공지 하 았 던 사은품 도 빠짐없이 다 받 았 구요 , 화이트 색상 은 처음 사용 이 ᆫ데 매우 만족 이 ㅂ니다 
받	공지 하 았 던 사은품 도 빠짐없이 다 받 았 구요 , 화이트 색상 은 처음 사용 이 ᆫ데 매우 만족 이 ㅂ니다
받	오랜 기다리 ᄆ 끝 에 드디어 오늘 받 았 습니다 늦 을 것 이 라 생각 은 하 았 지만 그래도 2 주 넘 게 걸리 어 애 가 좀 타 ᆫ 것 같 네요 배송 직원 분 이 노트북 이 라 그냥 놓 고 가지 않 고 연락 을 따로 주 시 어서 고맙 었 습니다 박스 상태 도 좋 고 안 에 pc 도 사은품 들 도 모두 잘 도착 하 았 습니다 다만 주 시 ᆫ 무선마우스 가 불량 이 ㅂ니다 TT 다시 발송 하 아 주 시 겠 지요 
좀	오랜 기다리 ᄆ 끝 에 드디어 오늘 받 았 습니다 늦 을 것 이 라 생각 은 하 았 지만 그래도 2 주 넘 게 걸리 어 애 가 좀 타 ᆫ 것 같 네요 배송 직원 분 이 노트북 이 라 그냥 놓 고 가지 않 고 연락 을 따로 주 시 어서 고맙 었 습니다 박스 상태 도 좋 고 안 에 pc 도 사은품 들 도 모두 잘 도착 하 았 습니다 다만 주 시 ᆫ 무선마우스 가 불량 이 ㅂ니다 TT 다시 발송 하 아 주 시 겠 지요 
그냥	오랜 기다리 ᄆ 끝 에 드디어 오늘 받 았 습니다 늦 을 것 이 라 생각 은 하 았 지만 그래도 2 주 넘 게 걸리 어 애 가 좀 타 ᆫ 것 같 네요 배송 직원 분 이 노트북 이 라 그냥 놓 고 가지 않 고 연락 을 따로 주 시 어서 고맙 었 습니다 박스 상태 도 좋 고 안 에 pc 도 사은품 들 도 모두 잘 도착 하 았 습니다 다만 주 시 ᆫ 무선마우스 가 불량 이 ㅂ니다 TT 다시 발송 하 아 주 시 겠 지요 
좋	오랜 기다리 ᄆ 끝 에 드디어 오늘 받 았 습니다 늦 을 것 이 라 생각 은 하 았 지만 그래도 2 주 넘 게 걸리 어 애 가 좀 타 ᆫ 것 같 네요 배송 직원 분 이 노트북 이 라 그냥 놓 고 가지 않 고 연락 을 따로 주 시 어서 고맙 었 습니다 박스 상태 도 좋 고 안 에 pc 도 사은품 들 도 모두 잘 도착 하 았 습니다 다만 주 시 ᆫ 무선마우스 가 불량 이 ㅂ니다 TT 다시 발송 하 아 주 시 겠 지요 
모두	오랜 기다리 ᄆ 끝 에 드디어 오늘 받 았 습니다 늦 을 것 이 라 생각 은 하 았 지만 그래도 2 주 넘 게 걸리 어 애 가 좀 타 ᆫ 것 같 네요 배송 직원 분 이 노트북 이 라 그냥 놓 고 가지 않 고 연락 을 따로 주 시 어서 고맙 었 습니다 박스 상태 도 좋 고 안 에 pc 도 사은품 들 도 모두 잘 도착 하 았 습니다 다만 주 시 ᆫ 무선마우스 가 불량 이 ㅂ니다 TT 다시 발송 하 아 주 시 겠 지요 
잘	오랜 기다리 ᄆ 끝 에 드디어 오늘 받 았 습니다 늦 을 것 이 라 생각 은 하 았 지만 그래도 2 주 넘 게 걸리 어 애 가 좀 타 ᆫ 것 같 네요 배송 직원 분 이 노트북 이 라 그냥 놓 고 가지 않 고 연락 을 따로 주 시 어서 고맙 었 습니다 박스 상태 도 좋 고 안 에 pc 도 사은품 들 도 모두 잘 도착 하 았 습니다 다만 주 시 ᆫ 무선마우스 가 불량 이 ㅂ니다 TT 다시 발송 하 아 주 시 겠 지요
쓰	사은품 으로 오 ᆫ 무선 마우스 도 가볍고 쓰 ᆯ 만 한 것 같 습니다
이것저것	사은품 도 이것저것 챙겨주 시 어서 받 자마자 키스킨 올리 고 보호필름 붙이 었 습니다 
챙겨주	사은품 도 이것저것 챙겨주 시 어서 받 자마자 키스킨 올리 고 보호필름 붙이 었 습니다 
받	사은품 도 이것저것 챙겨주 시 어서 받 자마자 키스킨 올리 고 보호필름 붙이 었 습니다
누락	배송 도 바로 오 고 누락 되 ᆫ 사은품 도 없 어 매우 만족 하 ㅂ니다 
없	배송 도 바로 오 고 누락 되 ᆫ 사은품 도 없 어 매우 만족 하 ㅂ니다
이것저것	사은품 도 이것저것 많이 들 어 있 고 너무 저렴 하 게 구입 하 아서 기분 이 좋 습니다 
많이	사은품 도 이것저것 많이 들 어 있 고 너무 저렴 하 게 구입 하 아서 기분 이 좋 습니다 
저렴	사은품 도 이것저것 많이 들 어 있 고 너무 저렴 하 게 구입 하 아서 기분 이 좋 습니다 
좋	사은품 도 이것저것 많이 들 어 있 고 너무 저렴 하 게 구입 하 아서 기분 이 좋 습니다
밖에	택배 박스 를 열 었 을 때 사은품 4 종 밖에 없 어서 당황 하 았 지만 노트북 가방 은 노트북 본체 들 어 있 는 LG 노트북 박스 안 에 들 어 있 었 습니다 
없	택배 박스 를 열 었 을 때 사은품 4 종 밖에 없 어서 당황 하 았 지만 노트북 가방 은 노트북 본체 들 어 있 는 LG 노트북 박스 안 에 들 어 있 었 습니다
다	사은품 도 가방 , 무선 마우스 , 보호필름 , 키보드 커버 , 마우스 패드 까지 다 챙겨주 시 어서 더 좋 더라구요 
챙겨주	사은품 도 가방 , 무선 마우스 , 보호필름 , 키보드 커버 , 마우스 패드 까지 다 챙겨주 시 어서 더 좋 더라구요 
좋	사은품 도 가방 , 무선 마우스 , 보호필름 , 키보드 커버 , 마우스 패드 까지 다 챙겨주 시 어서 더 좋 더라구요
많	사은품 도 많 아서 기본 적 인 키스킨 , 무선마우스 , 액정필름 , 가방 잇 어 좋 네요 [ G마켓 안드로이드 앱 에서 작성 ] 
좋	사은품 도 많 아서 기본 적 인 키스킨 , 무선마우스 , 액정필름 , 가방 잇 어 좋 네요 [ G마켓 안드로이드 앱 에서 작성 ]
많	깔끔 하 ᆫ 화이트 에 사은품 도 많 고
좋	반짝 반짝 좋 으 네요 사은품 도 맘 에 들 이 고 봄 에 구입 하 ᆫ 타사 꺼 보다 속도 가 빠르 ᆫ 것 같 아요
잘	사은품 도 잘 챙겨주 시 었 네요 
챙겨주	사은품 도 잘 챙겨주 시 었 네요
잘	노트북 본체 박스 와 사은품 으로 보내 시 ᆫ 구성품 들 박스 에 담기 어 깨끗 하 게 잘 받 았 습니다 
받	노트북 본체 박스 와 사은품 으로 보내 시 ᆫ 구성품 들 박스 에 담기 어 깨끗 하 게 잘 받 았 습니다
많이	사무용 노트북 으로 아주 적합 하 어요 lg 그램 과 울트라PC 를 두 고 고민 을 참 많이 하 았 는데 울트라 로 사기 ㄹ 잘 하 ᆫ 것 같 아요 고사양 작업 이 아니 ᆫ 워드 , 인터넷 , 간단 하 ᆫ 게임 을 즐기 시 는 분 들 한테 적합 하 ᆯ 것 같 아요 장거리 로 매일 가지 고 다니 지 않 으니 심하 게 무겁 다는 생각 은 안 들 네요 장시간 으로 사용 하 아도 발열 과 소음 도 것 의 없 고 가격 도 저렴 하 니 좋 네요 사은품 도 푸짐 하 게 주 어서 더욱 만족 하 았 습니다 
잘	사무용 노트북 으로 아주 적합 하 어요 lg 그램 과 울트라PC 를 두 고 고민 을 참 많이 하 았 는데 울트라 로 사기 ㄹ 잘 하 ᆫ 것 같 아요 고사양 작업 이 아니 ᆫ 워드 , 인터넷 , 간단 하 ᆫ 게임 을 즐기 시 는 분 들 한테 적합 하 ᆯ 것 같 아요 장거리 로 매일 가지 고 다니 지 않 으니 심하 게 무겁 다는 생각 은 안 들 네요 장시간 으로 사용 하 아도 발열 과 소음 도 것 의 없 고 가격 도 저렴 하 니 좋 네요 사은품 도 푸짐 하 게 주 어서 더욱 만족 하 았 습니다 
없	사무용 노트북 으로 아주 적합 하 어요 lg 그램 과 울트라PC 를 두 고 고민 을 참 많이 하 았 는데 울트라 로 사기 ㄹ 잘 하 ᆫ 것 같 아요 고사양 작업 이 아니 ᆫ 워드 , 인터넷 , 간단 하 ᆫ 게임 을 즐기 시 는 분 들 한테 적합 하 ᆯ 것 같 아요 장거리 로 매일 가지 고 다니 지 않 으니 심하 게 무겁 다는 생각 은 안 들 네요 장시간 으로 사용 하 아도 발열 과 소음 도 것 의 없 고 가격 도 저렴 하 니 좋 네요 사은품 도 푸짐 하 게 주 어서 더욱 만족 하 았 습니다 
저렴	사무용 노트북 으로 아주 적합 하 어요 lg 그램 과 울트라PC 를 두 고 고민 을 참 많이 하 았 는데 울트라 로 사기 ㄹ 잘 하 ᆫ 것 같 아요 고사양 작업 이 아니 ᆫ 워드 , 인터넷 , 간단 하 ᆫ 게임 을 즐기 시 는 분 들 한테 적합 하 ᆯ 것 같 아요 장거리 로 매일 가지 고 다니 지 않 으니 심하 게 무겁 다는 생각 은 안 들 네요 장시간 으로 사용 하 아도 발열 과 소음 도 것 의 없 고 가격 도 저렴 하 니 좋 네요 사은품 도 푸짐 하 게 주 어서 더욱 만족 하 았 습니다 
좋	사무용 노트북 으로 아주 적합 하 어요 lg 그램 과 울트라PC 를 두 고 고민 을 참 많이 하 았 는데 울트라 로 사기 ㄹ 잘 하 ᆫ 것 같 아요 고사양 작업 이 아니 ᆫ 워드 , 인터넷 , 간단 하 ᆫ 게임 을 즐기 시 는 분 들 한테 적합 하 ᆯ 것 같 아요 장거리 로 매일 가지 고 다니 지 않 으니 심하 게 무겁 다는 생각 은 안 들 네요 장시간 으로 사용 하 아도 발열 과 소음 도 것 의 없 고 가격 도 저렴 하 니 좋 네요 사은품 도 푸짐 하 게 주 어서 더욱 만족 하 았 습니다 
푸짐	사무용 노트북 으로 아주 적합 하 어요 lg 그램 과 울트라PC 를 두 고 고민 을 참 많이 하 았 는데 울트라 로 사기 ㄹ 잘 하 ᆫ 것 같 아요 고사양 작업 이 아니 ᆫ 워드 , 인터넷 , 간단 하 ᆫ 게임 을 즐기 시 는 분 들 한테 적합 하 ᆯ 것 같 아요 장거리 로 매일 가지 고 다니 지 않 으니 심하 게 무겁 다는 생각 은 안 들 네요 장시간 으로 사용 하 아도 발열 과 소음 도 것 의 없 고 가격 도 저렴 하 니 좋 네요 사은품 도 푸짐 하 게 주 어서 더욱 만족 하 았 습니다
많	사은품 도 많 고 완전 저렴 하 게 구매 하 았 습니다 
저렴	사은품 도 많 고 완전 저렴 하 게 구매 하 았 습니다
빠짐없이	사은품 보내주 시 ᆫ 사은품 빠짐없이 다 오 았 습니다 
다	사은품 보내주 시 ᆫ 사은품 빠짐없이 다 오 았 습니다
빠짐없이	사은품 으로 7 개 ( 가방 포함 ) 빠짐없이 잘 오 았 구요 윈도우 도 깔리 어 있 는 제품 이 라서 따로 설정 하 ᆯ 것 도 없 어서 너무 편하 고 좋 아요 
잘	사은품 으로 7 개 ( 가방 포함 ) 빠짐없이 잘 오 았 구요 윈도우 도 깔리 어 있 는 제품 이 라서 따로 설정 하 ᆯ 것 도 없 어서 너무 편하 고 좋 아요 
없	사은품 으로 7 개 ( 가방 포함 ) 빠짐없이 잘 오 았 구요 윈도우 도 깔리 어 있 는 제품 이 라서 따로 설정 하 ᆯ 것 도 없 어서 너무 편하 고 좋 아요 
좋	사은품 으로 7 개 ( 가방 포함 ) 빠짐없이 잘 오 았 구요 윈도우 도 깔리 어 있 는 제품 이 라서 따로 설정 하 ᆯ 것 도 없 어서 너무 편하 고 좋 아요
챙겨주	꼼꼼 하 것 챙겨주 시 ᆫ 사은품 도 감사 하 구요 
감사	꼼꼼 하 것 챙겨주 시 ᆫ 사은품 도 감사 하 구요
젤로	사은품 도 여기 가 젤로 좋 아요 
좋	사은품 도 여기 가 젤로 좋 아요
필요	그리고 사은품 을 필요 하 ᆫ걸 다 주 시 어서 다른 것 사 지 않 고 그냥 사용 하 아도 되 ㅂ니다 
다	그리고 사은품 을 필요 하 ᆫ걸 다 주 시 어서 다른 것 사 지 않 고 그냥 사용 하 아도 되 ㅂ니다 
그냥	그리고 사은품 을 필요 하 ᆫ걸 다 주 시 어서 다른 것 사 지 않 고 그냥 사용 하 아도 되 ㅂ니다
젤로	사은품 은 그래도 여기 가 젤로 좋 아요 
좋	사은품 은 그래도 여기 가 젤로 좋 아요
좋	집 에 컴퓨터 가 고장 나서 어 노트북 알아보 던 중 스마일데이 시작 도 하고 평소 에 관심 있 어 하 던 상품 이 좋 은 가격 에 나오 아서 바로 구매 하 았 네요 주문 하 ᆫ지 하루 만 에 배송 되 어서 지금 이것저것 세팅 하 고 해보 는데 가격 대비 훌륭 하 고 아주 아주 빠르 아서 기분 이 좋 네요 사은품 으로 주 시 는 마우스 나 필름 등 도 일반 싸구려 같 지 않 고 좋 고 노트북 또한 최신제품 으로 잘 도착 하 고 SSD 는 처음 겪 어 보 는데 부팅속도 아주 환상적 으로 빠르 고 무게 또한 이 정도 이 면 가지 고 다니 기 에 도 크게 부담 은 되 ᆯ 것 같 지 않 네요 주 변 에 사 고 싶어하 는 분 들 이 많 은데 이 제품 으로 추천 하 아 주 어야 하 아야 하 겠 네요 좋 은 상품 싸 고 빨리 보내 어 주 어서 감사합니다 
이것저것	집 에 컴퓨터 가 고장 나서 어 노트북 알아보 던 중 스마일데이 시작 도 하고 평소 에 관심 있 어 하 던 상품 이 좋 은 가격 에 나오 아서 바로 구매 하 았 네요 주문 하 ᆫ지 하루 만 에 배송 되 어서 지금 이것저것 세팅 하 고 해보 는데 가격 대비 훌륭 하 고 아주 아주 빠르 아서 기분 이 좋 네요 사은품 으로 주 시 는 마우스 나 필름 등 도 일반 싸구려 같 지 않 고 좋 고 노트북 또한 최신제품 으로 잘 도착 하 고 SSD 는 처음 겪 어 보 는데 부팅속도 아주 환상적 으로 빠르 고 무게 또한 이 정도 이 면 가지 고 다니 기 에 도 크게 부담 은 되 ᆯ 것 같 지 않 네요 주 변 에 사 고 싶어하 는 분 들 이 많 은데 이 제품 으로 추천 하 아 주 어야 하 아야 하 겠 네요 좋 은 상품 싸 고 빨리 보내 어 주 어서 감사합니다 
좋	집 에 컴퓨터 가 고장 나서 어 노트북 알아보 던 중 스마일데이 시작 도 하고 평소 에 관심 있 어 하 던 상품 이 좋 은 가격 에 나오 아서 바로 구매 하 았 네요 주문 하 ᆫ지 하루 만 에 배송 되 어서 지금 이것저것 세팅 하 고 해보 는데 가격 대비 훌륭 하 고 아주 아주 빠르 아서 기분 이 좋 네요 사은품 으로 주 시 는 마우스 나 필름 등 도 일반 싸구려 같 지 않 고 좋 고 노트북 또한 최신제품 으로 잘 도착 하 고 SSD 는 처음 겪 어 보 는데 부팅속도 아주 환상적 으로 빠르 고 무게 또한 이 정도 이 면 가지 고 다니 기 에 도 크게 부담 은 되 ᆯ 것 같 지 않 네요 주 변 에 사 고 싶어하 는 분 들 이 많 은데 이 제품 으로 추천 하 아 주 어야 하 아야 하 겠 네요 좋 은 상품 싸 고 빨리 보내 어 주 어서 감사합니다 
싸구려	집 에 컴퓨터 가 고장 나서 어 노트북 알아보 던 중 스마일데이 시작 도 하고 평소 에 관심 있 어 하 던 상품 이 좋 은 가격 에 나오 아서 바로 구매 하 았 네요 주문 하 ᆫ지 하루 만 에 배송 되 어서 지금 이것저것 세팅 하 고 해보 는데 가격 대비 훌륭 하 고 아주 아주 빠르 아서 기분 이 좋 네요 사은품 으로 주 시 는 마우스 나 필름 등 도 일반 싸구려 같 지 않 고 좋 고 노트북 또한 최신제품 으로 잘 도착 하 고 SSD 는 처음 겪 어 보 는데 부팅속도 아주 환상적 으로 빠르 고 무게 또한 이 정도 이 면 가지 고 다니 기 에 도 크게 부담 은 되 ᆯ 것 같 지 않 네요 주 변 에 사 고 싶어하 는 분 들 이 많 은데 이 제품 으로 추천 하 아 주 어야 하 아야 하 겠 네요 좋 은 상품 싸 고 빨리 보내 어 주 어서 감사합니다 
좋	집 에 컴퓨터 가 고장 나서 어 노트북 알아보 던 중 스마일데이 시작 도 하고 평소 에 관심 있 어 하 던 상품 이 좋 은 가격 에 나오 아서 바로 구매 하 았 네요 주문 하 ᆫ지 하루 만 에 배송 되 어서 지금 이것저것 세팅 하 고 해보 는데 가격 대비 훌륭 하 고 아주 아주 빠르 아서 기분 이 좋 네요 사은품 으로 주 시 는 마우스 나 필름 등 도 일반 싸구려 같 지 않 고 좋 고 노트북 또한 최신제품 으로 잘 도착 하 고 SSD 는 처음 겪 어 보 는데 부팅속도 아주 환상적 으로 빠르 고 무게 또한 이 정도 이 면 가지 고 다니 기 에 도 크게 부담 은 되 ᆯ 것 같 지 않 네요 주 변 에 사 고 싶어하 는 분 들 이 많 은데 이 제품 으로 추천 하 아 주 어야 하 아야 하 겠 네요 좋 은 상품 싸 고 빨리 보내 어 주 어서 감사합니다 
잘	집 에 컴퓨터 가 고장 나서 어 노트북 알아보 던 중 스마일데이 시작 도 하고 평소 에 관심 있 어 하 던 상품 이 좋 은 가격 에 나오 아서 바로 구매 하 았 네요 주문 하 ᆫ지 하루 만 에 배송 되 어서 지금 이것저것 세팅 하 고 해보 는데 가격 대비 훌륭 하 고 아주 아주 빠르 아서 기분 이 좋 네요 사은품 으로 주 시 는 마우스 나 필름 등 도 일반 싸구려 같 지 않 고 좋 고 노트북 또한 최신제품 으로 잘 도착 하 고 SSD 는 처음 겪 어 보 는데 부팅속도 아주 환상적 으로 빠르 고 무게 또한 이 정도 이 면 가지 고 다니 기 에 도 크게 부담 은 되 ᆯ 것 같 지 않 네요 주 변 에 사 고 싶어하 는 분 들 이 많 은데 이 제품 으로 추천 하 아 주 어야 하 아야 하 겠 네요 좋 은 상품 싸 고 빨리 보내 어 주 어서 감사합니다 
많	집 에 컴퓨터 가 고장 나서 어 노트북 알아보 던 중 스마일데이 시작 도 하고 평소 에 관심 있 어 하 던 상품 이 좋 은 가격 에 나오 아서 바로 구매 하 았 네요 주문 하 ᆫ지 하루 만 에 배송 되 어서 지금 이것저것 세팅 하 고 해보 는데 가격 대비 훌륭 하 고 아주 아주 빠르 아서 기분 이 좋 네요 사은품 으로 주 시 는 마우스 나 필름 등 도 일반 싸구려 같 지 않 고 좋 고 노트북 또한 최신제품 으로 잘 도착 하 고 SSD 는 처음 겪 어 보 는데 부팅속도 아주 환상적 으로 빠르 고 무게 또한 이 정도 이 면 가지 고 다니 기 에 도 크게 부담 은 되 ᆯ 것 같 지 않 네요 주 변 에 사 고 싶어하 는 분 들 이 많 은데 이 제품 으로 추천 하 아 주 어야 하 아야 하 겠 네요 좋 은 상품 싸 고 빨리 보내 어 주 어서 감사합니다 
좋	집 에 컴퓨터 가 고장 나서 어 노트북 알아보 던 중 스마일데이 시작 도 하고 평소 에 관심 있 어 하 던 상품 이 좋 은 가격 에 나오 아서 바로 구매 하 았 네요 주문 하 ᆫ지 하루 만 에 배송 되 어서 지금 이것저것 세팅 하 고 해보 는데 가격 대비 훌륭 하 고 아주 아주 빠르 아서 기분 이 좋 네요 사은품 으로 주 시 는 마우스 나 필름 등 도 일반 싸구려 같 지 않 고 좋 고 노트북 또한 최신제품 으로 잘 도착 하 고 SSD 는 처음 겪 어 보 는데 부팅속도 아주 환상적 으로 빠르 고 무게 또한 이 정도 이 면 가지 고 다니 기 에 도 크게 부담 은 되 ᆯ 것 같 지 않 네요 주 변 에 사 고 싶어하 는 분 들 이 많 은데 이 제품 으로 추천 하 아 주 어야 하 아야 하 겠 네요 좋 은 상품 싸 고 빨리 보내 어 주 어서 감사합니다
많	타사 보다 사은품 도 많 고 가격 도 좋 고 괜찮 은 것 같 아요 
좋	타사 보다 사은품 도 많 고 가격 도 좋 고 괜찮 은 것 같 아요
다	보내주 시 ᆫ 사은품 다 만족스럽 고 잘 쓰 겠 습니다 
만족스럽	보내주 시 ᆫ 사은품 다 만족스럽 고 잘 쓰 겠 습니다 
잘	보내주 시 ᆫ 사은품 다 만족스럽 고 잘 쓰 겠 습니다 
쓰	보내주 시 ᆫ 사은품 다 만족스럽 고 잘 쓰 겠 습니다
잘	지나 ᆫ 금요일 아침 에 주문 하 았 는데 토요일 점심 때 바로 배송 오 았 고 , 포장 도 꼼꼼 하 게 하 아 주 시 었 고 사은품 도 잘 오 았 습니다
좀	사은품 마우스 는 좀 쓰 기 그렇 네요 
쓰	사은품 마우스 는 좀 쓰 기 그렇 네요
좋	사은품 이 작 어서 조금 아쉽 지만 속도 도 빠르 고 좋 아요
쓰	회사 에서 쓰 던 노트북 이 문제 가 조금씩 생기 어서 매일 스트레스 를 받 아 교체 를 생각 하 아 이곳저곳 검색 하 다가 가성비 짱 인 LG 그램 을 선택 하 았 는데 이것저것 사은품 도 같이 오 고 특별히 따로 필요 하 ᆫ 것 없이 사용 하 ᆯ 수 있 고 무엇 보다 업무 상 사용 하 ᆯ 때 빠르 ᆫ 실행 에 문제 가 없 어 너무 만족 하 ㅂ니다 
받	회사 에서 쓰 던 노트북 이 문제 가 조금씩 생기 어서 매일 스트레스 를 받 아 교체 를 생각 하 아 이곳저곳 검색 하 다가 가성비 짱 인 LG 그램 을 선택 하 았 는데 이것저것 사은품 도 같이 오 고 특별히 따로 필요 하 ᆫ 것 없이 사용 하 ᆯ 수 있 고 무엇 보다 업무 상 사용 하 ᆯ 때 빠르 ᆫ 실행 에 문제 가 없 어 너무 만족 하 ㅂ니다 
이것저것	회사 에서 쓰 던 노트북 이 문제 가 조금씩 생기 어서 매일 스트레스 를 받 아 교체 를 생각 하 아 이곳저곳 검색 하 다가 가성비 짱 인 LG 그램 을 선택 하 았 는데 이것저것 사은품 도 같이 오 고 특별히 따로 필요 하 ᆫ 것 없이 사용 하 ᆯ 수 있 고 무엇 보다 업무 상 사용 하 ᆯ 때 빠르 ᆫ 실행 에 문제 가 없 어 너무 만족 하 ㅂ니다 
특별히	회사 에서 쓰 던 노트북 이 문제 가 조금씩 생기 어서 매일 스트레스 를 받 아 교체 를 생각 하 아 이곳저곳 검색 하 다가 가성비 짱 인 LG 그램 을 선택 하 았 는데 이것저것 사은품 도 같이 오 고 특별히 따로 필요 하 ᆫ 것 없이 사용 하 ᆯ 수 있 고 무엇 보다 업무 상 사용 하 ᆯ 때 빠르 ᆫ 실행 에 문제 가 없 어 너무 만족 하 ㅂ니다 
필요	회사 에서 쓰 던 노트북 이 문제 가 조금씩 생기 어서 매일 스트레스 를 받 아 교체 를 생각 하 아 이곳저곳 검색 하 다가 가성비 짱 인 LG 그램 을 선택 하 았 는데 이것저것 사은품 도 같이 오 고 특별히 따로 필요 하 ᆫ 것 없이 사용 하 ᆯ 수 있 고 무엇 보다 업무 상 사용 하 ᆯ 때 빠르 ᆫ 실행 에 문제 가 없 어 너무 만족 하 ㅂ니다 
없	회사 에서 쓰 던 노트북 이 문제 가 조금씩 생기 어서 매일 스트레스 를 받 아 교체 를 생각 하 아 이곳저곳 검색 하 다가 가성비 짱 인 LG 그램 을 선택 하 았 는데 이것저것 사은품 도 같이 오 고 특별히 따로 필요 하 ᆫ 것 없이 사용 하 ᆯ 수 있 고 무엇 보다 업무 상 사용 하 ᆯ 때 빠르 ᆫ 실행 에 문제 가 없 어 너무 만족 하 ㅂ니다
다	사은품 도 다 챙겨주 시 어서 만족 2 배 이 ㅂ니다 
챙겨주	사은품 도 다 챙겨주 시 어서 만족 2 배 이 ㅂ니다
잘	사은품 잘 챙겨주 시 어서 감사합니다 요즘 노트북 에 win 10 내장 되 어 처음 부팅 시 ms 계정 설정 등 좀 당황 하 았 네요 
챙겨주	사은품 잘 챙겨주 시 어서 감사합니다 요즘 노트북 에 win 10 내장 되 어 처음 부팅 시 ms 계정 설정 등 좀 당황 하 았 네요 
좀	사은품 잘 챙겨주 시 어서 감사합니다 요즘 노트북 에 win 10 내장 되 어 처음 부팅 시 ms 계정 설정 등 좀 당황 하 았 네요
잘	모든 사은품 들 잘 챙겨주 시 었 는데 저 는 화면 필름 은 붙이 는 것 실패 하 아서 그냥 버리 었 어요 
챙겨주	모든 사은품 들 잘 챙겨주 시 었 는데 저 는 화면 필름 은 붙이 는 것 실패 하 아서 그냥 버리 었 어요 
그냥	모든 사은품 들 잘 챙겨주 시 었 는데 저 는 화면 필름 은 붙이 는 것 실패 하 아서 그냥 버리 었 어요
좋	그램 과 다르 게 키스킨 이 내장 되 어 있 지 않 지만 사은품 으로 주 시 니 좋 네요
많	그리고 동봉 되 ᆫ 사은품 들 도 많 아서 유용 하 게 잘 쓰 ᆯ 것 같 네요 동봉 되 ᆫ 마우스패드 와 무선마우스 가 상당히 괜찮 습니다 
잘	그리고 동봉 되 ᆫ 사은품 들 도 많 아서 유용 하 게 잘 쓰 ᆯ 것 같 네요 동봉 되 ᆫ 마우스패드 와 무선마우스 가 상당히 괜찮 습니다 
쓰	그리고 동봉 되 ᆫ 사은품 들 도 많 아서 유용 하 게 잘 쓰 ᆯ 것 같 네요 동봉 되 ᆫ 마우스패드 와 무선마우스 가 상당히 괜찮 습니다
필요	액정보호필름 , 키스킨 , 무선마우스 , 마우스패드 까지 필요 하 ᆫ 물품 은 다 사은품 으로 배송 되 었 네요 
다	액정보호필름 , 키스킨 , 무선마우스 , 마우스패드 까지 필요 하 ᆫ 물품 은 다 사은품 으로 배송 되 었 네요
감사	감사 하 아요 : ) 그리고 태풍 이 오 아서 젖 어 오 ᆯ까 걱정 하 았 는데 그런 것 전혀 없 고 보 ᆫ 품 과 기타 사은품 도 잘 고정 되 어서 오 았 습니다 
없	감사 하 아요 : ) 그리고 태풍 이 오 아서 젖 어 오 ᆯ까 걱정 하 았 는데 그런 것 전혀 없 고 보 ᆫ 품 과 기타 사은품 도 잘 고정 되 어서 오 았 습니다 
잘	감사 하 아요 : ) 그리고 태풍 이 오 아서 젖 어 오 ᆯ까 걱정 하 았 는데 그런 것 전혀 없 고 보 ᆫ 품 과 기타 사은품 도 잘 고정 되 어서 오 았 습니다
많	사은품 이 워낙 많 아서 정리 하 고 필름 붙이 늘 랴 시간 이 많이 걸리 었 네요 
많이	사은품 이 워낙 많 아서 정리 하 고 필름 붙이 늘 랴 시간 이 많이 걸리 었 네요
많이	기본 사은품 도 많이 주 고 윈도우 가 기본 적 으로 깔리 어 있 어서 그냥 사용 하 지만 하 면 되 네요 
그냥	기본 사은품 도 많이 주 고 윈도우 가 기본 적 으로 깔리 어 있 어서 그냥 사용 하 지만 하 면 되 네요
받	서울 이 라 원더 스 무료 당일 배송 으로 받 았 는데 첫 번째 사진 처럼 수취 확인서 가 박스 에 붙 어 오 고 , 박스 를 열 니 두 번째 사진 처럼 마우스 마우스패드 키보드 커버 액정 보호 커버 사은품 과 본 제품 박스 가 있 습니다
저렴	그램 과 고민 하 다가 무게 보다 는 사양 을 선택 하 아서 울트라 로 구매 하 았 어요 여기저기 검색 하 아 보 다가 여기 가 가장 저렴 하 아서 여기 서 구매 하 았 습니다 카드 하 ᆯ 인 까지 받 아 저렴 하 게 구매 하 았 네요 방문수령 하 아서 마우스패드 도 받 았 어요 컴퓨터 도 마음 에 들 고 사은품 도 마음 에 들 어요 들 고 오 는 것 이 ᆫ 좀 힘들 었 지만 방문 사은품 도 마음 에 들 어요 지마켓 에서 구매 하 고 방문수령 키워드 가 도착 하 지 않 아 문의 하 았었 는데 친절 하 게 응대 하 아 주 시 었 어요 이 전 에 사용 하 던 노트북 과 비교 하 아서 화면 도 깨끗 하 고 훨씬 빠르 어요 사기 ㄹ 잘 하 ᆫ 것 같 아 요 키보드 도 훨씬 누르 기 편하 네요 지금 까지 사용 하 ᆫ 바로 는 안 좋 은 것 이 ᆫ 없 는 것 같 아요 사기 ㄹ 잘 하 았 어요 
받	그램 과 고민 하 다가 무게 보다 는 사양 을 선택 하 아서 울트라 로 구매 하 았 어요 여기저기 검색 하 아 보 다가 여기 가 가장 저렴 하 아서 여기 서 구매 하 았 습니다 카드 하 ᆯ 인 까지 받 아 저렴 하 게 구매 하 았 네요 방문수령 하 아서 마우스패드 도 받 았 어요 컴퓨터 도 마음 에 들 고 사은품 도 마음 에 들 어요 들 고 오 는 것 이 ᆫ 좀 힘들 었 지만 방문 사은품 도 마음 에 들 어요 지마켓 에서 구매 하 고 방문수령 키워드 가 도착 하 지 않 아 문의 하 았었 는데 친절 하 게 응대 하 아 주 시 었 어요 이 전 에 사용 하 던 노트북 과 비교 하 아서 화면 도 깨끗 하 고 훨씬 빠르 어요 사기 ㄹ 잘 하 ᆫ 것 같 아 요 키보드 도 훨씬 누르 기 편하 네요 지금 까지 사용 하 ᆫ 바로 는 안 좋 은 것 이 ᆫ 없 는 것 같 아요 사기 ㄹ 잘 하 았 어요 
저렴	그램 과 고민 하 다가 무게 보다 는 사양 을 선택 하 아서 울트라 로 구매 하 았 어요 여기저기 검색 하 아 보 다가 여기 가 가장 저렴 하 아서 여기 서 구매 하 았 습니다 카드 하 ᆯ 인 까지 받 아 저렴 하 게 구매 하 았 네요 방문수령 하 아서 마우스패드 도 받 았 어요 컴퓨터 도 마음 에 들 고 사은품 도 마음 에 들 어요 들 고 오 는 것 이 ᆫ 좀 힘들 었 지만 방문 사은품 도 마음 에 들 어요 지마켓 에서 구매 하 고 방문수령 키워드 가 도착 하 지 않 아 문의 하 았었 는데 친절 하 게 응대 하 아 주 시 었 어요 이 전 에 사용 하 던 노트북 과 비교 하 아서 화면 도 깨끗 하 고 훨씬 빠르 어요 사기 ㄹ 잘 하 ᆫ 것 같 아 요 키보드 도 훨씬 누르 기 편하 네요 지금 까지 사용 하 ᆫ 바로 는 안 좋 은 것 이 ᆫ 없 는 것 같 아요 사기 ㄹ 잘 하 았 어요 
받	그램 과 고민 하 다가 무게 보다 는 사양 을 선택 하 아서 울트라 로 구매 하 았 어요 여기저기 검색 하 아 보 다가 여기 가 가장 저렴 하 아서 여기 서 구매 하 았 습니다 카드 하 ᆯ 인 까지 받 아 저렴 하 게 구매 하 았 네요 방문수령 하 아서 마우스패드 도 받 았 어요 컴퓨터 도 마음 에 들 고 사은품 도 마음 에 들 어요 들 고 오 는 것 이 ᆫ 좀 힘들 었 지만 방문 사은품 도 마음 에 들 어요 지마켓 에서 구매 하 고 방문수령 키워드 가 도착 하 지 않 아 문의 하 았었 는데 친절 하 게 응대 하 아 주 시 었 어요 이 전 에 사용 하 던 노트북 과 비교 하 아서 화면 도 깨끗 하 고 훨씬 빠르 어요 사기 ㄹ 잘 하 ᆫ 것 같 아 요 키보드 도 훨씬 누르 기 편하 네요 지금 까지 사용 하 ᆫ 바로 는 안 좋 은 것 이 ᆫ 없 는 것 같 아요 사기 ㄹ 잘 하 았 어요 
마음	그램 과 고민 하 다가 무게 보다 는 사양 을 선택 하 아서 울트라 로 구매 하 았 어요 여기저기 검색 하 아 보 다가 여기 가 가장 저렴 하 아서 여기 서 구매 하 았 습니다 카드 하 ᆯ 인 까지 받 아 저렴 하 게 구매 하 았 네요 방문수령 하 아서 마우스패드 도 받 았 어요 컴퓨터 도 마음 에 들 고 사은품 도 마음 에 들 어요 들 고 오 는 것 이 ᆫ 좀 힘들 었 지만 방문 사은품 도 마음 에 들 어요 지마켓 에서 구매 하 고 방문수령 키워드 가 도착 하 지 않 아 문의 하 았었 는데 친절 하 게 응대 하 아 주 시 었 어요 이 전 에 사용 하 던 노트북 과 비교 하 아서 화면 도 깨끗 하 고 훨씬 빠르 어요 사기 ㄹ 잘 하 ᆫ 것 같 아 요 키보드 도 훨씬 누르 기 편하 네요 지금 까지 사용 하 ᆫ 바로 는 안 좋 은 것 이 ᆫ 없 는 것 같 아요 사기 ㄹ 잘 하 았 어요 
마음	그램 과 고민 하 다가 무게 보다 는 사양 을 선택 하 아서 울트라 로 구매 하 았 어요 여기저기 검색 하 아 보 다가 여기 가 가장 저렴 하 아서 여기 서 구매 하 았 습니다 카드 하 ᆯ 인 까지 받 아 저렴 하 게 구매 하 았 네요 방문수령 하 아서 마우스패드 도 받 았 어요 컴퓨터 도 마음 에 들 고 사은품 도 마음 에 들 어요 들 고 오 는 것 이 ᆫ 좀 힘들 었 지만 방문 사은품 도 마음 에 들 어요 지마켓 에서 구매 하 고 방문수령 키워드 가 도착 하 지 않 아 문의 하 았었 는데 친절 하 게 응대 하 아 주 시 었 어요 이 전 에 사용 하 던 노트북 과 비교 하 아서 화면 도 깨끗 하 고 훨씬 빠르 어요 사기 ㄹ 잘 하 ᆫ 것 같 아 요 키보드 도 훨씬 누르 기 편하 네요 지금 까지 사용 하 ᆫ 바로 는 안 좋 은 것 이 ᆫ 없 는 것 같 아요 사기 ㄹ 잘 하 았 어요 
좀	그램 과 고민 하 다가 무게 보다 는 사양 을 선택 하 아서 울트라 로 구매 하 았 어요 여기저기 검색 하 아 보 다가 여기 가 가장 저렴 하 아서 여기 서 구매 하 았 습니다 카드 하 ᆯ 인 까지 받 아 저렴 하 게 구매 하 았 네요 방문수령 하 아서 마우스패드 도 받 았 어요 컴퓨터 도 마음 에 들 고 사은품 도 마음 에 들 어요 들 고 오 는 것 이 ᆫ 좀 힘들 었 지만 방문 사은품 도 마음 에 들 어요 지마켓 에서 구매 하 고 방문수령 키워드 가 도착 하 지 않 아 문의 하 았었 는데 친절 하 게 응대 하 아 주 시 었 어요 이 전 에 사용 하 던 노트북 과 비교 하 아서 화면 도 깨끗 하 고 훨씬 빠르 어요 사기 ㄹ 잘 하 ᆫ 것 같 아 요 키보드 도 훨씬 누르 기 편하 네요 지금 까지 사용 하 ᆫ 바로 는 안 좋 은 것 이 ᆫ 없 는 것 같 아요 사기 ㄹ 잘 하 았 어요 
마음	그램 과 고민 하 다가 무게 보다 는 사양 을 선택 하 아서 울트라 로 구매 하 았 어요 여기저기 검색 하 아 보 다가 여기 가 가장 저렴 하 아서 여기 서 구매 하 았 습니다 카드 하 ᆯ 인 까지 받 아 저렴 하 게 구매 하 았 네요 방문수령 하 아서 마우스패드 도 받 았 어요 컴퓨터 도 마음 에 들 고 사은품 도 마음 에 들 어요 들 고 오 는 것 이 ᆫ 좀 힘들 었 지만 방문 사은품 도 마음 에 들 어요 지마켓 에서 구매 하 고 방문수령 키워드 가 도착 하 지 않 아 문의 하 았었 는데 친절 하 게 응대 하 아 주 시 었 어요 이 전 에 사용 하 던 노트북 과 비교 하 아서 화면 도 깨끗 하 고 훨씬 빠르 어요 사기 ㄹ 잘 하 ᆫ 것 같 아 요 키보드 도 훨씬 누르 기 편하 네요 지금 까지 사용 하 ᆫ 바로 는 안 좋 은 것 이 ᆫ 없 는 것 같 아요 사기 ㄹ 잘 하 았 어요 
잘	그램 과 고민 하 다가 무게 보다 는 사양 을 선택 하 아서 울트라 로 구매 하 았 어요 여기저기 검색 하 아 보 다가 여기 가 가장 저렴 하 아서 여기 서 구매 하 았 습니다 카드 하 ᆯ 인 까지 받 아 저렴 하 게 구매 하 았 네요 방문수령 하 아서 마우스패드 도 받 았 어요 컴퓨터 도 마음 에 들 고 사은품 도 마음 에 들 어요 들 고 오 는 것 이 ᆫ 좀 힘들 었 지만 방문 사은품 도 마음 에 들 어요 지마켓 에서 구매 하 고 방문수령 키워드 가 도착 하 지 않 아 문의 하 았었 는데 친절 하 게 응대 하 아 주 시 었 어요 이 전 에 사용 하 던 노트북 과 비교 하 아서 화면 도 깨끗 하 고 훨씬 빠르 어요 사기 ㄹ 잘 하 ᆫ 것 같 아 요 키보드 도 훨씬 누르 기 편하 네요 지금 까지 사용 하 ᆫ 바로 는 안 좋 은 것 이 ᆫ 없 는 것 같 아요 사기 ㄹ 잘 하 았 어요 
좋	그램 과 고민 하 다가 무게 보다 는 사양 을 선택 하 아서 울트라 로 구매 하 았 어요 여기저기 검색 하 아 보 다가 여기 가 가장 저렴 하 아서 여기 서 구매 하 았 습니다 카드 하 ᆯ 인 까지 받 아 저렴 하 게 구매 하 았 네요 방문수령 하 아서 마우스패드 도 받 았 어요 컴퓨터 도 마음 에 들 고 사은품 도 마음 에 들 어요 들 고 오 는 것 이 ᆫ 좀 힘들 었 지만 방문 사은품 도 마음 에 들 어요 지마켓 에서 구매 하 고 방문수령 키워드 가 도착 하 지 않 아 문의 하 았었 는데 친절 하 게 응대 하 아 주 시 었 어요 이 전 에 사용 하 던 노트북 과 비교 하 아서 화면 도 깨끗 하 고 훨씬 빠르 어요 사기 ㄹ 잘 하 ᆫ 것 같 아 요 키보드 도 훨씬 누르 기 편하 네요 지금 까지 사용 하 ᆫ 바로 는 안 좋 은 것 이 ᆫ 없 는 것 같 아요 사기 ㄹ 잘 하 았 어요 
없	그램 과 고민 하 다가 무게 보다 는 사양 을 선택 하 아서 울트라 로 구매 하 았 어요 여기저기 검색 하 아 보 다가 여기 가 가장 저렴 하 아서 여기 서 구매 하 았 습니다 카드 하 ᆯ 인 까지 받 아 저렴 하 게 구매 하 았 네요 방문수령 하 아서 마우스패드 도 받 았 어요 컴퓨터 도 마음 에 들 고 사은품 도 마음 에 들 어요 들 고 오 는 것 이 ᆫ 좀 힘들 었 지만 방문 사은품 도 마음 에 들 어요 지마켓 에서 구매 하 고 방문수령 키워드 가 도착 하 지 않 아 문의 하 았었 는데 친절 하 게 응대 하 아 주 시 었 어요 이 전 에 사용 하 던 노트북 과 비교 하 아서 화면 도 깨끗 하 고 훨씬 빠르 어요 사기 ㄹ 잘 하 ᆫ 것 같 아 요 키보드 도 훨씬 누르 기 편하 네요 지금 까지 사용 하 ᆫ 바로 는 안 좋 은 것 이 ᆫ 없 는 것 같 아요 사기 ㄹ 잘 하 았 어요 
잘	그램 과 고민 하 다가 무게 보다 는 사양 을 선택 하 아서 울트라 로 구매 하 았 어요 여기저기 검색 하 아 보 다가 여기 가 가장 저렴 하 아서 여기 서 구매 하 았 습니다 카드 하 ᆯ 인 까지 받 아 저렴 하 게 구매 하 았 네요 방문수령 하 아서 마우스패드 도 받 았 어요 컴퓨터 도 마음 에 들 고 사은품 도 마음 에 들 어요 들 고 오 는 것 이 ᆫ 좀 힘들 었 지만 방문 사은품 도 마음 에 들 어요 지마켓 에서 구매 하 고 방문수령 키워드 가 도착 하 지 않 아 문의 하 았었 는데 친절 하 게 응대 하 아 주 시 었 어요 이 전 에 사용 하 던 노트북 과 비교 하 아서 화면 도 깨끗 하 고 훨씬 빠르 어요 사기 ㄹ 잘 하 ᆫ 것 같 아 요 키보드 도 훨씬 누르 기 편하 네요 지금 까지 사용 하 ᆫ 바로 는 안 좋 은 것 이 ᆫ 없 는 것 같 아요 사기 ㄹ 잘 하 았 어요
다	고민 하 다 구매 하 ᆫ 노트북 사은품 도 빠지 지 않 고 다 다 주 시 었 고 요 흠집 없 구 안전하게 도착 하 았 어요 아직 이틀 밖에 안 쓰 어 보 아서 만족 중 
빠지	고민 하 다 구매 하 ᆫ 노트북 사은품 도 빠지 지 않 고 다 다 주 시 었 고 요 흠집 없 구 안전하게 도착 하 았 어요 아직 이틀 밖에 안 쓰 어 보 아서 만족 중 
다	고민 하 다 구매 하 ᆫ 노트북 사은품 도 빠지 지 않 고 다 다 주 시 었 고 요 흠집 없 구 안전하게 도착 하 았 어요 아직 이틀 밖에 안 쓰 어 보 아서 만족 중 
다	고민 하 다 구매 하 ᆫ 노트북 사은품 도 빠지 지 않 고 다 다 주 시 었 고 요 흠집 없 구 안전하게 도착 하 았 어요 아직 이틀 밖에 안 쓰 어 보 아서 만족 중 
없	고민 하 다 구매 하 ᆫ 노트북 사은품 도 빠지 지 않 고 다 다 주 시 었 고 요 흠집 없 구 안전하게 도착 하 았 어요 아직 이틀 밖에 안 쓰 어 보 아서 만족 중 
밖에	고민 하 다 구매 하 ᆫ 노트북 사은품 도 빠지 지 않 고 다 다 주 시 었 고 요 흠집 없 구 안전하게 도착 하 았 어요 아직 이틀 밖에 안 쓰 어 보 아서 만족 중 
쓰	고민 하 다 구매 하 ᆫ 노트북 사은품 도 빠지 지 않 고 다 다 주 시 었 고 요 흠집 없 구 안전하게 도착 하 았 어요 아직 이틀 밖에 안 쓰 어 보 아서 만족 중
받	사은품 으로 받 은 무선마우스 와 키스킨 도 넘 좋 습니다 
좋	사은품 으로 받 은 무선마우스 와 키스킨 도 넘 좋 습니다
풍년	사은품 이 내 가 전 에 살 때 보다 풍년 이 닷
마음	사은품 중 에 키보드 스킨 이 아주 마음 에 들 네요
받	사은품 64GB USB 받 고 싶 습니다 감사합니다
받	가격 적 인 면 에서 만족 하 ㅂ니다 설치 하 아서 받 으려고 이틀 정도 더 소요 되 었 고저 는 사은품 에 민감 하 ᆫ데 노트북 가방 만족스럽 고 나머지 3가지 는 사은품 이 라기 에 는 좀 그냥 그러 요 
만족스럽	가격 적 인 면 에서 만족 하 ㅂ니다 설치 하 아서 받 으려고 이틀 정도 더 소요 되 었 고저 는 사은품 에 민감 하 ᆫ데 노트북 가방 만족스럽 고 나머지 3가지 는 사은품 이 라기 에 는 좀 그냥 그러 요 
좀	가격 적 인 면 에서 만족 하 ㅂ니다 설치 하 아서 받 으려고 이틀 정도 더 소요 되 었 고저 는 사은품 에 민감 하 ᆫ데 노트북 가방 만족스럽 고 나머지 3가지 는 사은품 이 라기 에 는 좀 그냥 그러 요 
그냥	가격 적 인 면 에서 만족 하 ㅂ니다 설치 하 아서 받 으려고 이틀 정도 더 소요 되 었 고저 는 사은품 에 민감 하 ᆫ데 노트북 가방 만족스럽 고 나머지 3가지 는 사은품 이 라기 에 는 좀 그냥 그러 요
푸짐	사은품 도 푸짐 하 게 주 시 어서 감사합니다
많이	사은품 도 많이 챙겨주 시 어서 좋 네요 
챙겨주	사은품 도 많이 챙겨주 시 어서 좋 네요 
좋	사은품 도 많이 챙겨주 시 어서 좋 네요
쓰	사은품 키패드 , 마우스 도 쓰 ᆯ 만 하 네요 액정필름 은 따로 주문 하 았 는데 , 오늘 부착 하 ㄹ려고 요
좋	가격 구성 좋 아요 사은품 도 괘 ㄴ 찬 네 요 카드 하 ᆯ 인 도 되 고 가격 구성 좋 아요 사은품 도 괘 ㄴ 찬 네 요 카드 하 ᆯ 인 도 되 고 
좋	가격 구성 좋 아요 사은품 도 괘 ㄴ 찬 네 요 카드 하 ᆯ 인 도 되 고 가격 구성 좋 아요 사은품 도 괘 ㄴ 찬 네 요 카드 하 ᆯ 인 도 되 고
빠지	사은품 으로 오 ᆫ 보호필름 통 에 극세사 타올 이 빠지 어서 온건 어쩌 ᆯ 수 없 고 
어쩌	사은품 으로 오 ᆫ 보호필름 통 에 극세사 타올 이 빠지 어서 온건 어쩌 ᆯ 수 없 고 
없	사은품 으로 오 ᆫ 보호필름 통 에 극세사 타올 이 빠지 어서 온건 어쩌 ᆯ 수 없 고
빠지	사은품 으로 오 ᆫ 보호필름 통 에 극세사 타올 이 빠지 어서 온건 어쩌 ᆯ 수 없 고 
어쩌	사은품 으로 오 ᆫ 보호필름 통 에 극세사 타올 이 빠지 어서 온건 어쩌 ᆯ 수 없 고 
없	사은품 으로 오 ᆫ 보호필름 통 에 극세사 타올 이 빠지 어서 온건 어쩌 ᆯ 수 없 고
많	사은품 도 많 아서 너무 좋 아요 
좋	사은품 도 많 아서 너무 좋 아요
좋	컴퓨터 는 좋 아요 사은품 도 잘 오 았 구요 컴퓨터 랑 같 은 박스 에 있 던 가방 에 사진 처럼 곰팡이 가 피 어 있 어 놀라 았 어요 닦 아 내 면 되 지만 컴퓨터 에 이상 이 있 을까 걱정 이 네요 보관 이 잘 못 되 어 있 어나 보 아요 방부제 도 있 었 는데 곰팡이 이 라니 
잘	컴퓨터 는 좋 아요 사은품 도 잘 오 았 구요 컴퓨터 랑 같 은 박스 에 있 던 가방 에 사진 처럼 곰팡이 가 피 어 있 어 놀라 았 어요 닦 아 내 면 되 지만 컴퓨터 에 이상 이 있 을까 걱정 이 네요 보관 이 잘 못 되 어 있 어나 보 아요 방부제 도 있 었 는데 곰팡이 이 라니 
곰팡이	컴퓨터 는 좋 아요 사은품 도 잘 오 았 구요 컴퓨터 랑 같 은 박스 에 있 던 가방 에 사진 처럼 곰팡이 가 피 어 있 어 놀라 았 어요 닦 아 내 면 되 지만 컴퓨터 에 이상 이 있 을까 걱정 이 네요 보관 이 잘 못 되 어 있 어나 보 아요 방부제 도 있 었 는데 곰팡이 이 라니 
잘	컴퓨터 는 좋 아요 사은품 도 잘 오 았 구요 컴퓨터 랑 같 은 박스 에 있 던 가방 에 사진 처럼 곰팡이 가 피 어 있 어 놀라 았 어요 닦 아 내 면 되 지만 컴퓨터 에 이상 이 있 을까 걱정 이 네요 보관 이 잘 못 되 어 있 어나 보 아요 방부제 도 있 었 는데 곰팡이 이 라니 
곰팡이	컴퓨터 는 좋 아요 사은품 도 잘 오 았 구요 컴퓨터 랑 같 은 박스 에 있 던 가방 에 사진 처럼 곰팡이 가 피 어 있 어 놀라 았 어요 닦 아 내 면 되 지만 컴퓨터 에 이상 이 있 을까 걱정 이 네요 보관 이 잘 못 되 어 있 어나 보 아요 방부제 도 있 었 는데 곰팡이 이 라니
빵빵	사은품 도 정말 빵빵 하 네요
만족스럽	사은품 도 만족스럽 고 , 해상도 도 선명 하 며 , 스피커 소리 도 깨끗 하 ㅂ니다
다	거기 다가 사은품 도 다 필요 하 ᆫ 것 으로 만 챙겨주 시 었 네요 
필요	거기 다가 사은품 도 다 필요 하 ᆫ 것 으로 만 챙겨주 시 었 네요 
챙겨주	거기 다가 사은품 도 다 필요 하 ᆫ 것 으로 만 챙겨주 시 었 네요
특별	또한 기본 제공 5 가지 사은품 에 추가 2 가지 , 그리고 특별 사은품 까지 너무 감사합니다
다	사은품 으로 주 시 ᆫ 무선마우스 와 노트북 쿨러 다 작동 잘 되 구요 
잘	사은품 으로 주 시 ᆫ 무선마우스 와 노트북 쿨러 다 작동 잘 되 구요
잘	사은품 잘 쓰 겠 습니다 
쓰	사은품 잘 쓰 겠 습니다
꼭	꼭 필요 하 ᆫ 사은품 도 빠짐없이 챙겨주 시 었 고요 
필요	꼭 필요 하 ᆫ 사은품 도 빠짐없이 챙겨주 시 었 고요 
빠짐없이	꼭 필요 하 ᆫ 사은품 도 빠짐없이 챙겨주 시 었 고요 
챙겨주	꼭 필요 하 ᆫ 사은품 도 빠짐없이 챙겨주 시 었 고요
잘	친절 하 ᆫ 상담 과 사은품 도 잘 챙겨주 시 고 
챙겨주	친절 하 ᆫ 상담 과 사은품 도 잘 챙겨주 시 고
빠짐없이	직원 분 과 통화 도 하 았 는데 친절 하 시 고 사은품 도 꼼꼼 하 게 빠짐없이 챙기 어 주 시 어서 감사드리 ㅂ니다 
챙기	직원 분 과 통화 도 하 았 는데 친절 하 시 고 사은품 도 꼼꼼 하 게 빠짐없이 챙기 어 주 시 어서 감사드리 ㅂ니다
잘	사은품 까지 잘 오 았 네요 디자인 깔끔 하 고 예쁘 ㅂ니다 배송 빠르 고 좋 습니다 
좋	사은품 까지 잘 오 았 네요 디자인 깔끔 하 고 예쁘 ㅂ니다 배송 빠르 고 좋 습니다
